country,year,net_import_gwh,import_gwh,export_gwh,net_to_austria_gwh,net_to_denmark_gwh,net_to_france_gwh,net_to_netherlands_gwh,net_to_poland_gwh,net_to_sweden_gwh,net_to_belgium_gwh,net_to_norway_gwh,net_to_germany_gwh,net_to_italy_gwh,load_gwh,net_as_pct_of_load
DE,2017,-8811.539,503.01700000000005,9314.556,2134.285,-270.079,-1620.326,2576.4210000000003,1880.309,-392.242,,,,,120081.3039,-7.337977448461068
DE,2018,-9320.147,452.168,9772.315,1981.6370000000002,1115.105,-2897.803,5053.474,2020.4329999999998,69.527,,,,,122473.020625,-7.609959281185158
DE,2019,1049.6509999999998,4217.196,3167.545,2035.034,158.389,-5886.594999999999,-63.983999999999924,2735.5460000000003,-413.26099999999997,,,,,118593.619025,0.8850821896064485
DE,2020,-245.03200000000027,4181.169,4426.201,886.9209999999999,-257.59399999999994,-2091.349,-1534.0580000000002,2711.589,-301.434,-0.0,-0.0,,,113386.716875,-0.21610291465633397
DE,2021,1800.6845,5111.7035,3311.0190000000002,471.92600000000004,-682.1387500000001,-4178.844999999999,604.9705000000001,1828.038,-217.13799999999998,-276.09349999999995,-1124.34575,,,119517.889975,1.5066234020502336
DE,2022,-1561.7620000000002,3304.1155000000003,4865.8775000000005,1454.468,-2773.3277500000004,2175.17,-1815.4989999999998,2050.822,-842.159,-10.824000000000012,-1480.03225,,,113168.648925,-1.3800306134564027
DE,2023,12264.571500000002,14205.428,1940.8564999999999,-165.63799999999998,-2754.35725,-3902.1979999999994,-2885.00675,1886.2890000000002,-768.939,-732.39675,-1717.2077499999998,,,108035.90145,11.352310977546807
DE,2024,12162.19525,13638.09225,1475.897,-26.92625000000004,-2631.35425,-5328.508,-1242.57,2496.16975,-705.8409999999999,-1240.868,-1673.548,,,109600.1917,11.096874066872642
DE,2025,7018.177750000001,10117.829999999998,3099.6522499999996,595.36175,-1229.3622500000001,-5214.478999999999,-2030.7205,1605.269,-691.1870000000001,-577.0752500000001,-1237.95875,,,107687.55664999998,6.51716685597212
DE,2026,1471.07175,7574.704750000001,6103.633,1540.009,-396.32075,-3634.20975,-572.5577499999999,1548.2055,-32.512750000000004,115.456,-711.1965,,,109476.5584,1.3437321847706167
CH,2017,-2963.163,271.155,3234.318,-1188.027,,540.1339999999999,,,,,,-1737.603,5348.689,15239.9323,-19.44341314429592
CH,2018,-4295.299000000001,104.56200000000001,4399.861000000001,-262.127,,-214.17699999999996,,,,,,-139.87400000000014,4911.499,14939.1688,-28.751927617284846
CH,2019,-5793.594999999999,209.905,6003.5,-270.6039999999999,,-1019.779,,,,,,2247.672,4836.321,14956.2519,-38.73694451482192
CH,2020,-3720.0179999999996,621.9950000000001,4342.013,-351.281,,398.77500000000003,,,,,,846.1170000000001,2826.3990000000003,14892.0375,-24.979912923265196
CH,2021,-3405.06675,506.15125000000006,3911.218,-373.997,,-1137.871,,,,,,-734.98675,5651.932,14821.8354,-22.97331375033351
CH,2022,-1742.6905,1159.0335,2901.724,-767.8399999999999,,136.48500000000013,,,,,,-2669.2467500000002,5043.335999999999,15580.4374,-11.18511923163338
CH,2023,-4626.0665,314.22024999999996,4940.28675,-851.969,,-228.79000000000005,,,,,,1353.7529999999997,4353.062,15525.7463,-29.79609746682515
CH,2024,-8451.980749999999,38.7795,8490.76025,445.397,,-1177.424,,,,,,4005.19775,5178.791,14916.3201,-56.662639936240026
CH,2025,-2580.01075,718.75675,3298.7675,-304.90500000000003,,-2305.8379999999997,,,,,,397.832,4792.9130000000005,16277.365200000002,-15.85029713531278
CH,2026,-2147.07225,522.6714999999999,2669.74375,-296.66499999999996,,-2383.7259999999997,,,,,,403.53100000000006,4423.931999999999,17165.398,-12.508141378370603
