country,year,series,hour,mean_mw
DE,2017,pumped_storage_gen,0,502.9619565217391
DE,2017,pumped_storage_gen,1,339.67690217391305
DE,2017,pumped_storage_gen,2,278.4345108695652
DE,2017,pumped_storage_gen,3,229.21929347826085
DE,2017,pumped_storage_gen,4,219.43342391304347
DE,2017,pumped_storage_gen,5,293.30896739130435
DE,2017,pumped_storage_gen,6,641.764402173913
DE,2017,pumped_storage_gen,7,1288.9777173913044
DE,2017,pumped_storage_gen,8,1754.2703804347825
DE,2017,pumped_storage_gen,9,1431.6630434782608
DE,2017,pumped_storage_gen,10,1021.1016304347827
DE,2017,pumped_storage_gen,11,987.2964673913043
DE,2017,pumped_storage_gen,12,686.8804347826087
DE,2017,pumped_storage_gen,13,526.0423913043478
DE,2017,pumped_storage_gen,14,457.00896739130434
DE,2017,pumped_storage_gen,15,469.5877717391304
DE,2017,pumped_storage_gen,16,532.6839673913043
DE,2017,pumped_storage_gen,17,900.8184782608696
DE,2017,pumped_storage_gen,18,1513.5633152173914
DE,2017,pumped_storage_gen,19,2214.888043478261
DE,2017,pumped_storage_gen,20,2063.3953804347825
DE,2017,pumped_storage_gen,21,1732.536141304348
DE,2017,pumped_storage_gen,22,1460.7092391304348
DE,2017,pumped_storage_gen,23,821.5638586956521
DE,2017,run_of_river,0,2537.3421195652177
DE,2017,run_of_river,1,2538.1652173913044
DE,2017,run_of_river,2,2540.629891304348
DE,2017,run_of_river,3,2541.5377717391307
DE,2017,run_of_river,4,2545.0554347826087
DE,2017,run_of_river,5,2545.4983695652177
DE,2017,run_of_river,6,2544.4206521739134
DE,2017,run_of_river,7,2546.771195652174
DE,2017,run_of_river,8,2550.638043478261
DE,2017,run_of_river,9,2553.892934782609
DE,2017,run_of_river,10,2555.948097826087
DE,2017,run_of_river,11,2559.635054347826
DE,2017,run_of_river,12,2562.948641304348
DE,2017,run_of_river,13,2566.6706521739134
DE,2017,run_of_river,14,2568.558152173913
DE,2017,run_of_river,15,2569.395652173913
DE,2017,run_of_river,16,2566.729347826087
DE,2017,run_of_river,17,2563.6024456521736
DE,2017,run_of_river,18,2558.1709239130437
DE,2017,run_of_river,19,2551.549456521739
DE,2017,run_of_river,20,2545.0002717391303
DE,2017,run_of_river,21,2539.1880434782606
DE,2017,run_of_river,22,2535.8429347826086
DE,2017,run_of_river,23,2535.010597826087
DE,2017,reservoir,0,77.16875
DE,2017,reservoir,1,77.4758152173913
DE,2017,reservoir,2,78.57201086956522
DE,2017,reservoir,3,76.96657608695652
DE,2017,reservoir,4,76.42934782608695
DE,2017,reservoir,5,77.26032608695652
DE,2017,reservoir,6,87.82934782608696
DE,2017,reservoir,7,94.66385869565218
DE,2017,reservoir,8,100.45679347826086
DE,2017,reservoir,9,91.7820652173913
DE,2017,reservoir,10,88.69048913043478
DE,2017,reservoir,11,89.89184782608694
DE,2017,reservoir,12,82.06820652173913
DE,2017,reservoir,13,77.72391304347826
DE,2017,reservoir,14,82.42146739130435
DE,2017,reservoir,15,83.42717391304348
DE,2017,reservoir,16,82.95407608695652
DE,2017,reservoir,17,92.95951086956521
DE,2017,reservoir,18,93.05760869565216
DE,2017,reservoir,19,96.2641304347826
DE,2017,reservoir,20,93.57336956521739
DE,2017,reservoir,21,85.15896739130434
DE,2017,reservoir,22,82.34972826086957
DE,2017,reservoir,23,77.71847826086957
DE,2018,pumped_storage_gen,0,245.7505617977528
DE,2018,pumped_storage_gen,1,154.9067415730337
DE,2018,pumped_storage_gen,2,100.59213483146068
DE,2018,pumped_storage_gen,3,74.10280898876404
DE,2018,pumped_storage_gen,4,72.12275280898876
DE,2018,pumped_storage_gen,5,98.26713483146067
DE,2018,pumped_storage_gen,6,487.1696629213483
DE,2018,pumped_storage_gen,7,1204.120786516854
DE,2018,pumped_storage_gen,8,1720.4126404494382
DE,2018,pumped_storage_gen,9,1368.2308988764046
DE,2018,pumped_storage_gen,10,825.7432584269662
DE,2018,pumped_storage_gen,11,693.4328651685394
DE,2018,pumped_storage_gen,12,510.9772471910112
DE,2018,pumped_storage_gen,13,360.3738764044944
DE,2018,pumped_storage_gen,14,317.32949438202246
DE,2018,pumped_storage_gen,15,340.0300561797753
DE,2018,pumped_storage_gen,16,386.3390449438203
DE,2018,pumped_storage_gen,17,687.5384831460674
DE,2018,pumped_storage_gen,18,1300.436797752809
DE,2018,pumped_storage_gen,19,2134.233988764045
DE,2018,pumped_storage_gen,20,2149.3921348314607
DE,2018,pumped_storage_gen,21,1661.176404494382
DE,2018,pumped_storage_gen,22,1255.6772471910112
DE,2018,pumped_storage_gen,23,529.0387640449438
DE,2018,run_of_river,0,2047.2932065217392
DE,2018,run_of_river,1,2047.7355978260869
DE,2018,run_of_river,2,2049.1271739130434
DE,2018,run_of_river,3,2047.909510869565
DE,2018,run_of_river,4,2047.3119565217391
DE,2018,run_of_river,5,2049.5317934782606
DE,2018,run_of_river,6,2050.3804347826085
DE,2018,run_of_river,7,2054.1171195652173
DE,2018,run_of_river,8,2060.74375
DE,2018,run_of_river,9,2063.6869565217394
DE,2018,run_of_river,10,2069.7296195652175
DE,2018,run_of_river,11,2077.445652173913
DE,2018,run_of_river,12,2081.706793478261
DE,2018,run_of_river,13,2085.279347826087
DE,2018,run_of_river,14,2087.129347826087
DE,2018,run_of_river,15,2088.273097826087
DE,2018,run_of_river,16,2084.935597826087
DE,2018,run_of_river,17,2078.409510869565
DE,2018,run_of_river,18,2072.2828804347823
DE,2018,run_of_river,19,2065.2051630434785
DE,2018,run_of_river,20,2056.4676630434783
DE,2018,run_of_river,21,2049.2728260869567
DE,2018,run_of_river,22,2043.8630434782608
DE,2018,run_of_river,23,2039.9421195652174
DE,2018,reservoir,0,158.70190217391306
DE,2018,reservoir,1,142.94864130434783
DE,2018,reservoir,2,135.3203804347826
DE,2018,reservoir,3,122.71385869565216
DE,2018,reservoir,4,126.03695652173913
DE,2018,reservoir,5,135.39483695652174
DE,2018,reservoir,6,189.67690217391305
DE,2018,reservoir,7,232.22336956521738
DE,2018,reservoir,8,260.0114130434782
DE,2018,reservoir,9,240.39728260869563
DE,2018,reservoir,10,196.87391304347827
DE,2018,reservoir,11,206.48342391304345
DE,2018,reservoir,12,183.5421195652174
DE,2018,reservoir,13,160.30489130434782
DE,2018,reservoir,14,169.4978260869565
DE,2018,reservoir,15,158.9858695652174
DE,2018,reservoir,16,174.90923913043477
DE,2018,reservoir,17,214.93016304347827
DE,2018,reservoir,18,243.06141304347827
DE,2018,reservoir,19,279.8361413043478
DE,2018,reservoir,20,283.68804347826085
DE,2018,reservoir,21,263.2698369565218
DE,2018,reservoir,22,227.42282608695655
DE,2018,reservoir,23,174.87744565217392
DE,2019,pumped_storage_gen,0,347.8100543478261
DE,2019,pumped_storage_gen,1,218.1366847826087
DE,2019,pumped_storage_gen,2,150.3445652173913
DE,2019,pumped_storage_gen,3,125.25380434782609
DE,2019,pumped_storage_gen,4,112.58288043478261
DE,2019,pumped_storage_gen,5,137.4616847826087
DE,2019,pumped_storage_gen,6,726.9557065217392
DE,2019,pumped_storage_gen,7,1829.8054347826087
DE,2019,pumped_storage_gen,8,1962.6230978260871
DE,2019,pumped_storage_gen,9,1263.5820652173913
DE,2019,pumped_storage_gen,10,831.9059782608696
DE,2019,pumped_storage_gen,11,614.9225543478261
DE,2019,pumped_storage_gen,12,376.3190217391304
DE,2019,pumped_storage_gen,13,329.80760869565216
DE,2019,pumped_storage_gen,14,275.5698369565217
DE,2019,pumped_storage_gen,15,269.5641304347826
DE,2019,pumped_storage_gen,16,363.8010869565217
DE,2019,pumped_storage_gen,17,784.1244565217391
DE,2019,pumped_storage_gen,18,1743.6888586956522
DE,2019,pumped_storage_gen,19,2673.192663043478
DE,2019,pumped_storage_gen,20,2782.5160326086957
DE,2019,pumped_storage_gen,21,2174.027989130435
DE,2019,pumped_storage_gen,22,1504.1203804347826
DE,2019,pumped_storage_gen,23,575.7983695652174
DE,2019,run_of_river,0,2379.1584239130434
DE,2019,run_of_river,1,2377.021467391304
DE,2019,run_of_river,2,2377.9035326086955
DE,2019,run_of_river,3,2376.543206521739
DE,2019,run_of_river,4,2374.0584239130435
DE,2019,run_of_river,5,2365.2972826086957
DE,2019,run_of_river,6,2352.6266304347823
DE,2019,run_of_river,7,2346.0584239130435
DE,2019,run_of_river,8,2344.682336956522
DE,2019,run_of_river,9,2347.051358695652
DE,2019,run_of_river,10,2350.3747282608697
DE,2019,run_of_river,11,2353.3432065217394
DE,2019,run_of_river,12,2353.1491847826087
DE,2019,run_of_river,13,2350.5717391304347
DE,2019,run_of_river,14,2348.479076086957
DE,2019,run_of_river,15,2355.7209239130434
DE,2019,run_of_river,16,2362.2646739130437
DE,2019,run_of_river,17,2367.357065217391
DE,2019,run_of_river,18,2367.6932065217393
DE,2019,run_of_river,19,2371.644836956522
DE,2019,run_of_river,20,2373.0915760869566
DE,2019,run_of_river,21,2373.417934782609
DE,2019,run_of_river,22,2372.6092391304346
DE,2019,run_of_river,23,2371.9217391304346
DE,2019,reservoir,0,303.18940217391304
DE,2019,reservoir,1,277.1586956521739
DE,2019,reservoir,2,252.08097826086959
DE,2019,reservoir,3,245.77934782608696
DE,2019,reservoir,4,241.83722826086958
DE,2019,reservoir,5,252.11684782608697
DE,2019,reservoir,6,389.6483695652174
DE,2019,reservoir,7,482.32554347826084
DE,2019,reservoir,8,457.3157608695652
DE,2019,reservoir,9,394.3377717391304
DE,2019,reservoir,10,355.8038043478261
DE,2019,reservoir,11,347.2108695652174
DE,2019,reservoir,12,297.4641304347826
DE,2019,reservoir,13,279.61277173913044
DE,2019,reservoir,14,289.4796195652174
DE,2019,reservoir,15,305.59864130434784
DE,2019,reservoir,16,350.9247282608696
DE,2019,reservoir,17,410.3788043478261
DE,2019,reservoir,18,473.9788043478261
DE,2019,reservoir,19,516.1298913043478
DE,2019,reservoir,20,557.8040760869565
DE,2019,reservoir,21,536.5921195652173
DE,2019,reservoir,22,456.0929347826087
DE,2019,reservoir,23,332.26494565217394
DE,2020,pumped_storage_gen,0,661.2070652173913
DE,2020,pumped_storage_gen,1,1090.572554347826
DE,2020,pumped_storage_gen,2,1353.5975543478262
DE,2020,pumped_storage_gen,3,1497.8203804347827
DE,2020,pumped_storage_gen,4,1499.95
DE,2020,pumped_storage_gen,5,1155.5
DE,2020,pumped_storage_gen,6,731.7831521739131
DE,2020,pumped_storage_gen,7,1069.5315217391303
DE,2020,pumped_storage_gen,8,1300.5385869565218
DE,2020,pumped_storage_gen,9,1090.7434782608696
DE,2020,pumped_storage_gen,10,879.7747282608696
DE,2020,pumped_storage_gen,11,986.2991847826087
DE,2020,pumped_storage_gen,12,1143.2252717391304
DE,2020,pumped_storage_gen,13,1213.1785326086956
DE,2020,pumped_storage_gen,14,1290.954891304348
DE,2020,pumped_storage_gen,15,1194.0989130434784
DE,2020,pumped_storage_gen,16,943.2714673913044
DE,2020,pumped_storage_gen,17,673.6127717391304
DE,2020,pumped_storage_gen,18,1131.7646739130435
DE,2020,pumped_storage_gen,19,1807.1472826086956
DE,2020,pumped_storage_gen,20,1874.991847826087
DE,2020,pumped_storage_gen,21,1585.303260869565
DE,2020,pumped_storage_gen,22,1273.8983695652173
DE,2020,pumped_storage_gen,23,684.94375
DE,2020,run_of_river,0,2192.4646739130435
DE,2020,run_of_river,1,2197.39375
DE,2020,run_of_river,2,2200.8141304347823
DE,2020,run_of_river,3,2202.4823369565215
DE,2020,run_of_river,4,2203.5239130434784
DE,2020,run_of_river,5,2201.560597826087
DE,2020,run_of_river,6,2199.29402173913
DE,2020,run_of_river,7,2199.513043478261
DE,2020,run_of_river,8,2203.7252717391307
DE,2020,run_of_river,9,2203.103804347826
DE,2020,run_of_river,10,2204.6391304347826
DE,2020,run_of_river,11,2207.4611413043476
DE,2020,run_of_river,12,2210.179347826087
DE,2020,run_of_river,13,2210.675543478261
DE,2020,run_of_river,14,2214.4907608695653
DE,2020,run_of_river,15,2214.011956521739
DE,2020,run_of_river,16,2212.214130434783
DE,2020,run_of_river,17,2207.927445652174
DE,2020,run_of_river,18,2203.1902173913045
DE,2020,run_of_river,19,2199.384510869565
DE,2020,run_of_river,20,2195.023097826087
DE,2020,run_of_river,21,2192.284239130435
DE,2020,run_of_river,22,2193.8885869565215
DE,2020,run_of_river,23,2196.310054347826
DE,2020,reservoir,0,243.25434782608698
DE,2020,reservoir,1,210.7203804347826
DE,2020,reservoir,2,173.39429347826086
DE,2020,reservoir,3,154.8907608695652
DE,2020,reservoir,4,157.47336956521738
DE,2020,reservoir,5,177.4413043478261
DE,2020,reservoir,6,272.2301630434782
DE,2020,reservoir,7,375.079347826087
DE,2020,reservoir,8,398.30027173913044
DE,2020,reservoir,9,371.8342391304348
DE,2020,reservoir,10,326.8334239130435
DE,2020,reservoir,11,315.3608695652174
DE,2020,reservoir,12,287.704347826087
DE,2020,reservoir,13,234.24972826086955
DE,2020,reservoir,14,219.24483695652177
DE,2020,reservoir,15,221.34646739130434
DE,2020,reservoir,16,246.37961956521738
DE,2020,reservoir,17,298.1421195652174
DE,2020,reservoir,18,386.1548913043478
DE,2020,reservoir,19,454.4364130434783
DE,2020,reservoir,20,498.54646739130436
DE,2020,reservoir,21,451.96114130434785
DE,2020,reservoir,22,399.76195652173914
DE,2020,reservoir,23,286.6779891304348
DE,2021,pumped_storage_gen,0,299.31603260869565
DE,2021,pumped_storage_gen,1,199.9532608695652
DE,2021,pumped_storage_gen,2,155.63451086956522
DE,2021,pumped_storage_gen,3,150.14646739130436
DE,2021,pumped_storage_gen,4,141.9076086956522
DE,2021,pumped_storage_gen,5,154.31684782608696
DE,2021,pumped_storage_gen,6,489.39021739130436
DE,2021,pumped_storage_gen,7,1425.6130434782608
DE,2021,pumped_storage_gen,8,1841.8448369565217
DE,2021,pumped_storage_gen,9,1298.983152173913
DE,2021,pumped_storage_gen,10,720.15
DE,2021,pumped_storage_gen,11,452.92853260869566
DE,2021,pumped_storage_gen,12,370.83750000000003
DE,2021,pumped_storage_gen,13,297.15027173913046
DE,2021,pumped_storage_gen,14,240.50760869565218
DE,2021,pumped_storage_gen,15,244.9203804347826
DE,2021,pumped_storage_gen,16,319.0497282608696
DE,2021,pumped_storage_gen,17,627.9472826086957
DE,2021,pumped_storage_gen,18,1260.127445652174
DE,2021,pumped_storage_gen,19,2236.2029891304346
DE,2021,pumped_storage_gen,20,2529.9513586956523
DE,2021,pumped_storage_gen,21,2125.626902173913
DE,2021,pumped_storage_gen,22,1437.6453804347825
DE,2021,pumped_storage_gen,23,731.2790760869566
DE,2021,run_of_river,0,2722.383152173913
DE,2021,run_of_river,1,2725.1619565217393
DE,2021,run_of_river,2,2723.8695652173915
DE,2021,run_of_river,3,2722.356793478261
DE,2021,run_of_river,4,2716.5942934782606
DE,2021,run_of_river,5,2713.432336956522
DE,2021,run_of_river,6,2706.2578804347827
DE,2021,run_of_river,7,2703.8366847826087
DE,2021,run_of_river,8,2707.833423913043
DE,2021,run_of_river,9,2711.2347826086957
DE,2021,run_of_river,10,2715.652717391304
DE,2021,run_of_river,11,2721.722282608696
DE,2021,run_of_river,12,2722.7964673913043
DE,2021,run_of_river,13,2721.1084239130437
DE,2021,run_of_river,14,2717.573097826087
DE,2021,run_of_river,15,2719.9290760869567
DE,2021,run_of_river,16,2730.894836956522
DE,2021,run_of_river,17,2730.686141304348
DE,2021,run_of_river,18,2729.8065217391304
DE,2021,run_of_river,19,2719.5478260869563
DE,2021,run_of_river,20,2715.517934782609
DE,2021,run_of_river,21,2713.932880434783
DE,2021,run_of_river,22,2714.111684782609
DE,2021,run_of_river,23,2718.927173913043
DE,2021,reservoir,0,271.3782608695652
DE,2021,reservoir,1,245.00407608695653
DE,2021,reservoir,2,226.20108695652175
DE,2021,reservoir,3,220.3888586956522
DE,2021,reservoir,4,224.7241847826087
DE,2021,reservoir,5,240.72472826086957
DE,2021,reservoir,6,350.2429347826087
DE,2021,reservoir,7,471.1046195652174
DE,2021,reservoir,8,500.49184782608694
DE,2021,reservoir,9,424.5853260869565
DE,2021,reservoir,10,351.48125
DE,2021,reservoir,11,313.4782608695652
DE,2021,reservoir,12,303.17418478260873
DE,2021,reservoir,13,264.9345108695652
DE,2021,reservoir,14,260.89402173913044
DE,2021,reservoir,15,266.2198369565217
DE,2021,reservoir,16,309.6263586956522
DE,2021,reservoir,17,381.1364130434783
DE,2021,reservoir,18,447.6869565217391
DE,2021,reservoir,19,532.895652173913
DE,2021,reservoir,20,553.5089673913043
DE,2021,reservoir,21,526.4747282608696
DE,2021,reservoir,22,473.1220108695652
DE,2021,reservoir,23,351.32771739130436
DE,2022,pumped_storage_gen,0,485.63913043478266
DE,2022,pumped_storage_gen,1,285.84864130434784
DE,2022,pumped_storage_gen,2,154.77364130434782
DE,2022,pumped_storage_gen,3,107.68532608695651
DE,2022,pumped_storage_gen,4,126.33641304347827
DE,2022,pumped_storage_gen,5,188.6483695652174
DE,2022,pumped_storage_gen,6,797.2288043478261
DE,2022,pumped_storage_gen,7,1925.2043478260869
DE,2022,pumped_storage_gen,8,2029.446739130435
DE,2022,pumped_storage_gen,9,1032.466304347826
DE,2022,pumped_storage_gen,10,569.9228260869565
DE,2022,pumped_storage_gen,11,345.6176630434783
DE,2022,pumped_storage_gen,12,226.7304347826087
DE,2022,pumped_storage_gen,13,168.88315217391303
DE,2022,pumped_storage_gen,14,131.48940217391305
DE,2022,pumped_storage_gen,15,137.2725543478261
DE,2022,pumped_storage_gen,16,251.7345108695652
DE,2022,pumped_storage_gen,17,750.528804347826
DE,2022,pumped_storage_gen,18,2023.689945652174
DE,2022,pumped_storage_gen,19,3899.0
DE,2022,pumped_storage_gen,20,4577.274456521739
DE,2022,pumped_storage_gen,21,3780.4480978260867
DE,2022,pumped_storage_gen,22,2746.855163043478
DE,2022,pumped_storage_gen,23,1215.7926630434783
DE,2022,run_of_river,0,2018.924456521739
DE,2022,run_of_river,1,2020.0839673913044
DE,2022,run_of_river,2,2024.9877717391305
DE,2022,run_of_river,3,2025.0111413043478
DE,2022,run_of_river,4,2032.8540760869566
DE,2022,run_of_river,5,2041.6233695652174
DE,2022,run_of_river,6,2055.925815217391
DE,2022,run_of_river,7,2066.574184782609
DE,2022,run_of_river,8,2074.029347826087
DE,2022,run_of_river,9,2089.784782608696
DE,2022,run_of_river,10,2092.3426630434783
DE,2022,run_of_river,11,2100.5796195652174
DE,2022,run_of_river,12,2111.856793478261
DE,2022,run_of_river,13,2109.9625
DE,2022,run_of_river,14,2105.627445652174
DE,2022,run_of_river,15,2099.559510869565
DE,2022,run_of_river,16,2090.996195652174
DE,2022,run_of_river,17,2083.501902173913
DE,2022,run_of_river,18,2066.8739130434783
DE,2022,run_of_river,19,2052.9744565217393
DE,2022,run_of_river,20,2041.6478260869567
DE,2022,run_of_river,21,2029.3258152173914
DE,2022,run_of_river,22,2023.25
DE,2022,run_of_river,23,2016.679347826087
DE,2022,reservoir,0,178.39646739130433
DE,2022,reservoir,1,167.53586956521738
DE,2022,reservoir,2,144.3508152173913
DE,2022,reservoir,3,127.64483695652174
DE,2022,reservoir,4,134.5470108695652
DE,2022,reservoir,5,156.2578804347826
DE,2022,reservoir,6,252.6741847826087
DE,2022,reservoir,7,320.0858695652174
DE,2022,reservoir,8,308.5309782608696
DE,2022,reservoir,9,242.8929347826087
DE,2022,reservoir,10,203.1953804347826
DE,2022,reservoir,11,165.91576086956522
DE,2022,reservoir,12,140.10597826086956
DE,2022,reservoir,13,137.33423913043478
DE,2022,reservoir,14,135.3423913043478
DE,2022,reservoir,15,137.175
DE,2022,reservoir,16,168.31195652173915
DE,2022,reservoir,17,242.0970108695652
DE,2022,reservoir,18,338.5095108695652
DE,2022,reservoir,19,431.22635869565215
DE,2022,reservoir,20,463.1915760869565
DE,2022,reservoir,21,428.21304347826083
DE,2022,reservoir,22,354.1108695652174
DE,2022,reservoir,23,245.56983695652173
DE,2023,pumped_storage_gen,0,535.1048913043478
DE,2023,pumped_storage_gen,1,287.4671195652174
DE,2023,pumped_storage_gen,2,197.98532608695655
DE,2023,pumped_storage_gen,3,160.7608695652174
DE,2023,pumped_storage_gen,4,176.51820652173913
DE,2023,pumped_storage_gen,5,297.31059782608696
DE,2023,pumped_storage_gen,6,1167.8369565217392
DE,2023,pumped_storage_gen,7,2088.0247282608693
DE,2023,pumped_storage_gen,8,1767.1491847826087
DE,2023,pumped_storage_gen,9,969.0929347826087
DE,2023,pumped_storage_gen,10,522.2404891304348
DE,2023,pumped_storage_gen,11,331.6847826086956
DE,2023,pumped_storage_gen,12,204.44972826086956
DE,2023,pumped_storage_gen,13,133.70054347826087
DE,2023,pumped_storage_gen,14,116.82798913043477
DE,2023,pumped_storage_gen,15,158.0788043478261
DE,2023,pumped_storage_gen,16,281.6350543478261
DE,2023,pumped_storage_gen,17,607.0125
DE,2023,pumped_storage_gen,18,1460.210597826087
DE,2023,pumped_storage_gen,19,2881.295923913043
DE,2023,pumped_storage_gen,20,3681.5567934782607
DE,2023,pumped_storage_gen,21,3283.4486413043483
DE,2023,pumped_storage_gen,22,2267.2442934782607
DE,2023,pumped_storage_gen,23,1163.8910326086957
DE,2023,run_of_river,0,2360.2972826086957
DE,2023,run_of_river,1,2364.019836956522
DE,2023,run_of_river,2,2364.2527173913045
DE,2023,run_of_river,3,2358.2970108695654
DE,2023,run_of_river,4,2358.886141304348
DE,2023,run_of_river,5,2362.8741847826086
DE,2023,run_of_river,6,2372.347282608696
DE,2023,run_of_river,7,2383.769293478261
DE,2023,run_of_river,8,2397.917934782609
DE,2023,run_of_river,9,2411.2801630434783
DE,2023,run_of_river,10,2423.3608695652174
DE,2023,run_of_river,11,2426.9116847826085
DE,2023,run_of_river,12,2422.2785326086955
DE,2023,run_of_river,13,2404.3315217391305
DE,2023,run_of_river,14,2400.2785326086955
DE,2023,run_of_river,15,2399.089945652174
DE,2023,run_of_river,16,2401.533152173913
DE,2023,run_of_river,17,2409.3366847826087
DE,2023,run_of_river,18,2390.4934782608693
DE,2023,run_of_river,19,2373.3375
DE,2023,run_of_river,20,2364.636141304348
DE,2023,run_of_river,21,2362.411413043478
DE,2023,run_of_river,22,2358.949184782609
DE,2023,run_of_river,23,2357.0630434782606
DE,2023,reservoir,0,231.6328804347826
DE,2023,reservoir,1,190.8630434782609
DE,2023,reservoir,2,184.00923913043476
DE,2023,reservoir,3,158.89320652173913
DE,2023,reservoir,4,172.9453804347826
DE,2023,reservoir,5,202.56277173913045
DE,2023,reservoir,6,296.854347826087
DE,2023,reservoir,7,339.9345108695652
DE,2023,reservoir,8,320.0086956521739
DE,2023,reservoir,9,266.9342391304348
DE,2023,reservoir,10,235.46385869565216
DE,2023,reservoir,11,210.02146739130433
DE,2023,reservoir,12,207.7171195652174
DE,2023,reservoir,13,178.12065217391302
DE,2023,reservoir,14,169.65217391304347
DE,2023,reservoir,15,194.70760869565217
DE,2023,reservoir,16,225.9513586956522
DE,2023,reservoir,17,269.4190217391304
DE,2023,reservoir,18,315.4842391304348
DE,2023,reservoir,19,395.0586956521739
DE,2023,reservoir,20,451.5739130434783
DE,2023,reservoir,21,420.9448369565218
DE,2023,reservoir,22,372.683152173913
DE,2023,reservoir,23,293.16548913043476
DE,2024,pumped_storage_gen,0,1006.2942934782608
DE,2024,pumped_storage_gen,1,528.2086956521739
DE,2024,pumped_storage_gen,2,365.4146739130435
DE,2024,pumped_storage_gen,3,287.7092391304348
DE,2024,pumped_storage_gen,4,293.14701086956524
DE,2024,pumped_storage_gen,5,546.4967391304348
DE,2024,pumped_storage_gen,6,2040.6785326086956
DE,2024,pumped_storage_gen,7,2749.0763586956523
DE,2024,pumped_storage_gen,8,1909.6633152173913
DE,2024,pumped_storage_gen,9,922.9019021739131
DE,2024,pumped_storage_gen,10,414.5067934782609
DE,2024,pumped_storage_gen,11,233.79021739130437
DE,2024,pumped_storage_gen,12,159.8288043478261
DE,2024,pumped_storage_gen,13,131.56141304347827
DE,2024,pumped_storage_gen,14,121.70271739130435
DE,2024,pumped_storage_gen,15,110.29456521739131
DE,2024,pumped_storage_gen,16,170.85027173913045
DE,2024,pumped_storage_gen,17,542.3192934782609
DE,2024,pumped_storage_gen,18,1797.5728260869566
DE,2024,pumped_storage_gen,19,3664.2611413043483
DE,2024,pumped_storage_gen,20,4788.148913043478
DE,2024,pumped_storage_gen,21,4522.980434782608
DE,2024,pumped_storage_gen,22,3589.101902173913
DE,2024,pumped_storage_gen,23,1895.241847826087
DE,2024,run_of_river,0,2396.103260869565
DE,2024,run_of_river,1,2386.6815217391304
DE,2024,run_of_river,2,2383.089402173913
DE,2024,run_of_river,3,2381.4600543478264
DE,2024,run_of_river,4,2381.574456521739
DE,2024,run_of_river,5,2391.1967391304347
DE,2024,run_of_river,6,2441.667934782609
DE,2024,run_of_river,7,2467.1315217391307
DE,2024,run_of_river,8,2440.6722826086957
DE,2024,run_of_river,9,2436.138315217391
DE,2024,run_of_river,10,2425.7872282608696
DE,2024,run_of_river,11,2399.1616847826085
DE,2024,run_of_river,12,2389.6171195652173
DE,2024,run_of_river,13,2376.2100543478264
DE,2024,run_of_river,14,2363.2016304347826
DE,2024,run_of_river,15,2355.95597826087
DE,2024,run_of_river,16,2386.5779891304346
DE,2024,run_of_river,17,2418.0157608695654
DE,2024,run_of_river,18,2451.075815217391
DE,2024,run_of_river,19,2512.0559782608693
DE,2024,run_of_river,20,2537.473641304348
DE,2024,run_of_river,21,2530.597010869565
DE,2024,run_of_river,22,2500.2260869565216
DE,2024,run_of_river,23,2429.869836956522
DE,2024,reservoir,0,388.48804347826086
DE,2024,reservoir,1,325.4125
DE,2024,reservoir,2,312.3350543478261
DE,2024,reservoir,3,307.2146739130435
DE,2024,reservoir,4,312.59320652173915
DE,2024,reservoir,5,365.45163043478266
DE,2024,reservoir,6,453.55027173913044
DE,2024,reservoir,7,451.3105978260869
DE,2024,reservoir,8,390.22934782608695
DE,2024,reservoir,9,327.7839673913044
DE,2024,reservoir,10,253.89565217391305
DE,2024,reservoir,11,223.56222826086955
DE,2024,reservoir,12,212.93097826086958
DE,2024,reservoir,13,203.68288043478262
DE,2024,reservoir,14,200.8383152173913
DE,2024,reservoir,15,200.17472826086959
DE,2024,reservoir,16,243.8046195652174
DE,2024,reservoir,17,319.5046195652174
DE,2024,reservoir,18,439.91385869565215
DE,2024,reservoir,19,550.0904891304348
DE,2024,reservoir,20,614.9896739130435
DE,2024,reservoir,21,570.1065217391305
DE,2024,reservoir,22,521.7497282608696
DE,2024,reservoir,23,423.6125
DE,2025,pumped_storage_gen,0,1045.7817934782609
DE,2025,pumped_storage_gen,1,558.383695652174
DE,2025,pumped_storage_gen,2,344.65
DE,2025,pumped_storage_gen,3,262.70353260869564
DE,2025,pumped_storage_gen,4,288.0728260869565
DE,2025,pumped_storage_gen,5,505.9358695652174
DE,2025,pumped_storage_gen,6,1571.7910326086956
DE,2025,pumped_storage_gen,7,2058.8211956521736
DE,2025,pumped_storage_gen,8,1343.3796195652174
DE,2025,pumped_storage_gen,9,484.20597826086953
DE,2025,pumped_storage_gen,10,220.65434782608696
DE,2025,pumped_storage_gen,11,120.20326086956523
DE,2025,pumped_storage_gen,12,83.92065217391304
DE,2025,pumped_storage_gen,13,74.04483695652173
DE,2025,pumped_storage_gen,14,70.36548913043478
DE,2025,pumped_storage_gen,15,80.37065217391304
DE,2025,pumped_storage_gen,16,125.53369565217392
DE,2025,pumped_storage_gen,17,284.70217391304345
DE,2025,pumped_storage_gen,18,1284.056793478261
DE,2025,pumped_storage_gen,19,3201.040760869565
DE,2025,pumped_storage_gen,20,4320.941304347826
DE,2025,pumped_storage_gen,21,4233.779619565217
DE,2025,pumped_storage_gen,22,3465.2578804347822
DE,2025,pumped_storage_gen,23,1892.516304347826
DE,2025,run_of_river,0,1975.1288043478262
DE,2025,run_of_river,1,1966.3279891304346
DE,2025,run_of_river,2,1963.5915760869564
DE,2025,run_of_river,3,1965.923641304348
DE,2025,run_of_river,4,1969.9543478260869
DE,2025,run_of_river,5,1978.940760869565
DE,2025,run_of_river,6,2010.0432065217392
DE,2025,run_of_river,7,2030.51875
DE,2025,run_of_river,8,2037.153804347826
DE,2025,run_of_river,9,2042.71875
DE,2025,run_of_river,10,2024.1831521739132
DE,2025,run_of_river,11,1994.6785326086956
DE,2025,run_of_river,12,1975.7597826086956
DE,2025,run_of_river,13,1962.3480978260868
DE,2025,run_of_river,14,1947.4448369565216
DE,2025,run_of_river,15,1956.9619565217392
DE,2025,run_of_river,16,1977.0326086956522
DE,2025,run_of_river,17,2015.439945652174
DE,2025,run_of_river,18,2036.659510869565
DE,2025,run_of_river,19,2081.7146739130435
DE,2025,run_of_river,20,2138.0328804347823
DE,2025,run_of_river,21,2133.6078804347826
DE,2025,run_of_river,22,2080.857065217391
DE,2025,run_of_river,23,2003.4279891304348
DE,2025,reservoir,0,207.40163043478262
DE,2025,reservoir,1,174.37255434782608
DE,2025,reservoir,2,162.63940217391306
DE,2025,reservoir,3,158.48097826086956
DE,2025,reservoir,4,165.41032608695653
DE,2025,reservoir,5,193.7195652173913
DE,2025,reservoir,6,256.5288043478261
DE,2025,reservoir,7,299.910597826087
DE,2025,reservoir,8,276.6274456521739
DE,2025,reservoir,9,199.47336956521738
DE,2025,reservoir,10,174.01222826086956
DE,2025,reservoir,11,149.2008152173913
DE,2025,reservoir,12,132.78940217391303
DE,2025,reservoir,13,132.1383152173913
DE,2025,reservoir,14,119.83885869565216
DE,2025,reservoir,15,131.8217391304348
DE,2025,reservoir,16,157.1342391304348
DE,2025,reservoir,17,197.64565217391305
DE,2025,reservoir,18,282.4622282608696
DE,2025,reservoir,19,385.8119565217391
DE,2025,reservoir,20,455.1875
DE,2025,reservoir,21,429.5540760869565
DE,2025,reservoir,22,360.9369565217391
DE,2025,reservoir,23,253.36875
DE,2026,pumped_storage_gen,0,1388.7692934782608
DE,2026,pumped_storage_gen,1,637.1451086956522
DE,2026,pumped_storage_gen,2,343.67690217391305
DE,2026,pumped_storage_gen,3,288.87853260869565
DE,2026,pumped_storage_gen,4,269.6225543478261
DE,2026,pumped_storage_gen,5,372.8198369565218
DE,2026,pumped_storage_gen,6,1344.627445652174
DE,2026,pumped_storage_gen,7,1598.8315217391305
DE,2026,pumped_storage_gen,8,990.5633152173913
DE,2026,pumped_storage_gen,9,330.5692934782609
DE,2026,pumped_storage_gen,10,133.93451086956523
DE,2026,pumped_storage_gen,11,81.22907608695652
DE,2026,pumped_storage_gen,12,52.30978260869565
DE,2026,pumped_storage_gen,13,38.41548913043478
DE,2026,pumped_storage_gen,14,45.11684782608695
DE,2026,pumped_storage_gen,15,57.456250000000004
DE,2026,pumped_storage_gen,16,103.3921195652174
DE,2026,pumped_storage_gen,17,329.4701086956522
DE,2026,pumped_storage_gen,18,1416.6334239130433
DE,2026,pumped_storage_gen,19,3728.572826086957
DE,2026,pumped_storage_gen,20,5004.451630434783
DE,2026,pumped_storage_gen,21,5074.757880434782
DE,2026,pumped_storage_gen,22,4329.042391304348
DE,2026,pumped_storage_gen,23,2679.282608695652
DE,2026,run_of_river,0,1562.482608695652
DE,2026,run_of_river,1,1557.4176630434781
DE,2026,run_of_river,2,1551.5084239130433
DE,2026,run_of_river,3,1547.5883152173913
DE,2026,run_of_river,4,1543.4198369565217
DE,2026,run_of_river,5,1549.1054347826089
DE,2026,run_of_river,6,1580.911956521739
DE,2026,run_of_river,7,1613.903804347826
DE,2026,run_of_river,8,1644.4777173913044
DE,2026,run_of_river,9,1664.5595108695652
DE,2026,run_of_river,10,1654.803260869565
DE,2026,run_of_river,11,1650.6535326086957
DE,2026,run_of_river,12,1645.4396739130436
DE,2026,run_of_river,13,1638.0347826086959
DE,2026,run_of_river,14,1627.1073369565217
DE,2026,run_of_river,15,1618.9048913043478
DE,2026,run_of_river,16,1617.7883152173913
DE,2026,run_of_river,17,1629.1309782608694
DE,2026,run_of_river,18,1618.7769021739132
DE,2026,run_of_river,19,1635.5570652173913
DE,2026,run_of_river,20,1655.9875
DE,2026,run_of_river,21,1652.4274456521741
DE,2026,run_of_river,22,1624.6717391304346
DE,2026,run_of_river,23,1574.7747282608696
DE,2026,reservoir,0,170.11195652173913
DE,2026,reservoir,1,132.7779891304348
DE,2026,reservoir,2,113.24483695652174
DE,2026,reservoir,3,108.32364130434782
DE,2026,reservoir,4,110.24945652173913
DE,2026,reservoir,5,120.90978260869566
DE,2026,reservoir,6,191.5782608695652
DE,2026,reservoir,7,205.90108695652177
DE,2026,reservoir,8,170.11114130434783
DE,2026,reservoir,9,123.38505434782608
DE,2026,reservoir,10,114.61032608695652
DE,2026,reservoir,11,106.16657608695652
DE,2026,reservoir,12,86.22146739130434
DE,2026,reservoir,13,86.96358695652174
DE,2026,reservoir,14,89.17608695652174
DE,2026,reservoir,15,93.27880434782608
DE,2026,reservoir,16,106.8891304347826
DE,2026,reservoir,17,130.47472826086957
DE,2026,reservoir,18,201.5592391304348
DE,2026,reservoir,19,316.6195652173913
DE,2026,reservoir,20,389.63559782608695
DE,2026,reservoir,21,374.64429347826086
DE,2026,reservoir,22,327.61141304347825
DE,2026,reservoir,23,241.34755434782608
CH,2017,pumped_storage_gen,0,240.2554347826087
CH,2017,pumped_storage_gen,1,165.5923913043478
CH,2017,pumped_storage_gen,2,128.09130434782608
CH,2017,pumped_storage_gen,3,98.675
CH,2017,pumped_storage_gen,4,93.10760869565217
CH,2017,pumped_storage_gen,5,120.5195652173913
CH,2017,pumped_storage_gen,6,298.8086956521739
CH,2017,pumped_storage_gen,7,620.6771739130435
CH,2017,pumped_storage_gen,8,775.8586956521739
CH,2017,pumped_storage_gen,9,724.170652173913
CH,2017,pumped_storage_gen,10,636.5076086956522
CH,2017,pumped_storage_gen,11,607.8804347826087
CH,2017,pumped_storage_gen,12,488.5673913043478
CH,2017,pumped_storage_gen,13,428.675
CH,2017,pumped_storage_gen,14,383.01521739130436
CH,2017,pumped_storage_gen,15,362.370652173913
CH,2017,pumped_storage_gen,16,378.27500000000003
CH,2017,pumped_storage_gen,17,534.2728260869565
CH,2017,pumped_storage_gen,18,763.5989130434783
CH,2017,pumped_storage_gen,19,895.2532608695652
CH,2017,pumped_storage_gen,20,833.1782608695652
CH,2017,pumped_storage_gen,21,757.045652173913
CH,2017,pumped_storage_gen,22,686.7032608695652
CH,2017,pumped_storage_gen,23,405.1923913043478
CH,2017,run_of_river,0,1897.432608695652
CH,2017,run_of_river,1,1889.9130434782608
CH,2017,run_of_river,2,1884.6108695652176
CH,2017,run_of_river,3,1878.9239130434783
CH,2017,run_of_river,4,1874.638043478261
CH,2017,run_of_river,5,1872.2347826086957
CH,2017,run_of_river,6,1866.8902173913043
CH,2017,run_of_river,7,1865.4913043478261
CH,2017,run_of_river,8,1886.4782608695652
CH,2017,run_of_river,9,1897.5260869565216
CH,2017,run_of_river,10,1899.6728260869565
CH,2017,run_of_river,11,1902.2793478260871
CH,2017,run_of_river,12,1902.486956521739
CH,2017,run_of_river,13,1893.878260869565
CH,2017,run_of_river,14,1890.182608695652
CH,2017,run_of_river,15,1880.3847826086956
CH,2017,run_of_river,16,1872.3271739130435
CH,2017,run_of_river,17,1870.5891304347826
CH,2017,run_of_river,18,1872.7934782608695
CH,2017,run_of_river,19,1880.432608695652
CH,2017,run_of_river,20,1892.2684782608696
CH,2017,run_of_river,21,1899.6728260869565
CH,2017,run_of_river,22,1905.8706521739132
CH,2017,run_of_river,23,1907.3673913043476
CH,2017,reservoir,0,1620.195652173913
CH,2017,reservoir,1,1401.3934782608696
CH,2017,reservoir,2,1328.1032608695652
CH,2017,reservoir,3,1259.7847826086957
CH,2017,reservoir,4,1234.8
CH,2017,reservoir,5,1293.442391304348
CH,2017,reservoir,6,1738.0641304347826
CH,2017,reservoir,7,2773.2043478260866
CH,2017,reservoir,8,3276.853260869565
CH,2017,reservoir,9,3151.5304347826086
CH,2017,reservoir,10,2888.913043478261
CH,2017,reservoir,11,2754.596739130435
CH,2017,reservoir,12,2424.9597826086956
CH,2017,reservoir,13,2216.8271739130437
CH,2017,reservoir,14,2088.841304347826
CH,2017,reservoir,15,1950.8891304347824
CH,2017,reservoir,16,2010.4532608695654
CH,2017,reservoir,17,2470.301086956522
CH,2017,reservoir,18,3131.2771739130435
CH,2017,reservoir,19,3556.958695652174
CH,2017,reservoir,20,3403.2195652173914
CH,2017,reservoir,21,3119.271739130435
CH,2017,reservoir,22,2935.6652173913044
CH,2017,reservoir,23,2050.8478260869565
CH,2018,pumped_storage_gen,0,246.7608695652174
CH,2018,pumped_storage_gen,1,178.3282608695652
CH,2018,pumped_storage_gen,2,150.36195652173913
CH,2018,pumped_storage_gen,3,131.0717391304348
CH,2018,pumped_storage_gen,4,125.62608695652175
CH,2018,pumped_storage_gen,5,157.93804347826085
CH,2018,pumped_storage_gen,6,321.93260869565216
CH,2018,pumped_storage_gen,7,614.1739130434783
CH,2018,pumped_storage_gen,8,748.4391304347826
CH,2018,pumped_storage_gen,9,676.6119565217392
CH,2018,pumped_storage_gen,10,570.6076086956522
CH,2018,pumped_storage_gen,11,513.070652173913
CH,2018,pumped_storage_gen,12,412.29021739130434
CH,2018,pumped_storage_gen,13,374.08804347826083
CH,2018,pumped_storage_gen,14,350.5510869565218
CH,2018,pumped_storage_gen,15,355.9673913043478
CH,2018,pumped_storage_gen,16,384.11739130434785
CH,2018,pumped_storage_gen,17,513.7282608695652
CH,2018,pumped_storage_gen,18,694.4510869565217
CH,2018,pumped_storage_gen,19,823.7282608695652
CH,2018,pumped_storage_gen,20,771.2032608695652
CH,2018,pumped_storage_gen,21,691.05
CH,2018,pumped_storage_gen,22,603.8728260869566
CH,2018,pumped_storage_gen,23,361.51413043478266
CH,2018,run_of_river,0,2839.25
CH,2018,run_of_river,1,2764.4565217391305
CH,2018,run_of_river,2,2667.761956521739
CH,2018,run_of_river,3,2603.3576086956523
CH,2018,run_of_river,4,2559.3760869565217
CH,2018,run_of_river,5,2629.9152173913044
CH,2018,run_of_river,6,2762.276086956522
CH,2018,run_of_river,7,2901.679347826087
CH,2018,run_of_river,8,2938.4434782608696
CH,2018,run_of_river,9,2926.0554347826082
CH,2018,run_of_river,10,2910.766304347826
CH,2018,run_of_river,11,2906.1206521739127
CH,2018,run_of_river,12,2845.878260869565
CH,2018,run_of_river,13,2815.0141304347826
CH,2018,run_of_river,14,2796.0478260869563
CH,2018,run_of_river,15,2810.9391304347823
CH,2018,run_of_river,16,2851.641304347826
CH,2018,run_of_river,17,2979.3826086956524
CH,2018,run_of_river,18,3037.590217391304
CH,2018,run_of_river,19,3055.2956521739134
CH,2018,run_of_river,20,3080.115217391304
CH,2018,run_of_river,21,3078.8760869565217
CH,2018,run_of_river,22,3046.3597826086952
CH,2018,run_of_river,23,2969.577173913043
CH,2018,reservoir,0,1639.5663043478262
CH,2018,reservoir,1,1382.6673913043478
CH,2018,reservoir,2,1274.1771739130436
CH,2018,reservoir,3,1236.7695652173913
CH,2018,reservoir,4,1230.8423913043478
CH,2018,reservoir,5,1361.5347826086957
CH,2018,reservoir,6,2104.9521739130437
CH,2018,reservoir,7,3172.5793478260866
CH,2018,reservoir,8,3590.4249999999997
CH,2018,reservoir,9,3483.9510869565215
CH,2018,reservoir,10,3176.375
CH,2018,reservoir,11,2982.7217391304353
CH,2018,reservoir,12,2576.1728260869563
CH,2018,reservoir,13,2360.802173913043
CH,2018,reservoir,14,2242.7869565217393
CH,2018,reservoir,15,2268.358695652174
CH,2018,reservoir,16,2386.2130434782607
CH,2018,reservoir,17,2825.65
CH,2018,reservoir,18,3494.592391304348
CH,2018,reservoir,19,4026.8195652173918
CH,2018,reservoir,20,3925.134782608696
CH,2018,reservoir,21,3617.73152173913
CH,2018,reservoir,22,3318.7456521739127
CH,2018,reservoir,23,2238.2358695652174
CH,2019,pumped_storage_gen,0,409.7391304347826
CH,2019,pumped_storage_gen,1,323.4391304347826
CH,2019,pumped_storage_gen,2,275.42391304347825
CH,2019,pumped_storage_gen,3,250.11195652173913
CH,2019,pumped_storage_gen,4,245.9836956521739
CH,2019,pumped_storage_gen,5,290.2282608695652
CH,2019,pumped_storage_gen,6,450.94782608695647
CH,2019,pumped_storage_gen,7,668.3619565217392
CH,2019,pumped_storage_gen,8,805.695652173913
CH,2019,pumped_storage_gen,9,763.4565217391304
CH,2019,pumped_storage_gen,10,668.4847826086956
CH,2019,pumped_storage_gen,11,610.4532608695652
CH,2019,pumped_storage_gen,12,519.7434782608696
CH,2019,pumped_storage_gen,13,447.35869565217394
CH,2019,pumped_storage_gen,14,419.8434782608696
CH,2019,pumped_storage_gen,15,435.1891304347826
CH,2019,pumped_storage_gen,16,485.4423913043478
CH,2019,pumped_storage_gen,17,611.091304347826
CH,2019,pumped_storage_gen,18,811.9423913043478
CH,2019,pumped_storage_gen,19,908.3271739130436
CH,2019,pumped_storage_gen,20,872.2326086956521
CH,2019,pumped_storage_gen,21,833.4369565217391
CH,2019,pumped_storage_gen,22,864.9119565217391
CH,2019,pumped_storage_gen,23,598.2652173913044
CH,2019,run_of_river,0,3121.2130434782607
CH,2019,run_of_river,1,3087.677173913043
CH,2019,run_of_river,2,2996.23152173913
CH,2019,run_of_river,3,2992.6391304347826
CH,2019,run_of_river,4,2969.1641304347822
CH,2019,run_of_river,5,2997.551086956522
CH,2019,run_of_river,6,3161.5108695652175
CH,2019,run_of_river,7,3229.2999999999997
CH,2019,run_of_river,8,3268.0913043478263
CH,2019,run_of_river,9,3271.2097826086956
CH,2019,run_of_river,10,3251.1749999999997
CH,2019,run_of_river,11,3238.7543478260873
CH,2019,run_of_river,12,3181.7065217391305
CH,2019,run_of_river,13,3143.4684782608692
CH,2019,run_of_river,14,3138.935869565217
CH,2019,run_of_river,15,3148.697826086957
CH,2019,run_of_river,16,3186.2923913043483
CH,2019,run_of_river,17,3275.025
CH,2019,run_of_river,18,3355.355434782609
CH,2019,run_of_river,19,3359.3097826086955
CH,2019,run_of_river,20,3352.192391304348
CH,2019,run_of_river,21,3359.6815217391304
CH,2019,run_of_river,22,3370.990217391304
CH,2019,run_of_river,23,3327.8315217391305
CH,2019,reservoir,0,2793.5760869565215
CH,2019,reservoir,1,2546.6891304347823
CH,2019,reservoir,2,2376.0086956521736
CH,2019,reservoir,3,2269.1097826086957
CH,2019,reservoir,4,2250.888043478261
CH,2019,reservoir,5,2435.5010869565217
CH,2019,reservoir,6,2961.663043478261
CH,2019,reservoir,7,3589.426086956522
CH,2019,reservoir,8,4022.1684782608695
CH,2019,reservoir,9,3969.9978260869566
CH,2019,reservoir,10,3680.9086956521737
CH,2019,reservoir,11,3476.817391304348
CH,2019,reservoir,12,3207.5282608695647
CH,2019,reservoir,13,2969.822826086957
CH,2019,reservoir,14,2820.096739130435
CH,2019,reservoir,15,2849.3152173913045
CH,2019,reservoir,16,3022.291304347826
CH,2019,reservoir,17,3483.554347826087
CH,2019,reservoir,18,4037.663043478261
CH,2019,reservoir,19,4342.022826086956
CH,2019,reservoir,20,4230.70652173913
CH,2019,reservoir,21,4181.515217391305
CH,2019,reservoir,22,4295.781521739131
CH,2019,reservoir,23,3527.983695652174
CH,2020,pumped_storage_gen,0,268.55326086956524
CH,2020,pumped_storage_gen,1,167.30108695652174
CH,2020,pumped_storage_gen,2,121.76086956521739
CH,2020,pumped_storage_gen,3,99.06630434782609
CH,2020,pumped_storage_gen,4,99.21739130434783
CH,2020,pumped_storage_gen,5,141.3695652173913
CH,2020,pumped_storage_gen,6,325.0
CH,2020,pumped_storage_gen,7,618.9771739130435
CH,2020,pumped_storage_gen,8,728.4152173913043
CH,2020,pumped_storage_gen,9,667.8304347826087
CH,2020,pumped_storage_gen,10,573.9032608695652
CH,2020,pumped_storage_gen,11,541.866304347826
CH,2020,pumped_storage_gen,12,452.0228260869565
CH,2020,pumped_storage_gen,13,403.59891304347826
CH,2020,pumped_storage_gen,14,363.9663043478261
CH,2020,pumped_storage_gen,15,347.7673913043478
CH,2020,pumped_storage_gen,16,378.9891304347826
CH,2020,pumped_storage_gen,17,559.2065217391304
CH,2020,pumped_storage_gen,18,765.6521739130435
CH,2020,pumped_storage_gen,19,927.6054347826087
CH,2020,pumped_storage_gen,20,920.7152173913043
CH,2020,pumped_storage_gen,21,852.0445652173913
CH,2020,pumped_storage_gen,22,759.8760869565218
CH,2020,pumped_storage_gen,23,494.2804347826087
CH,2020,run_of_river,0,2402.894565217391
CH,2020,run_of_river,1,2208.7652173913043
CH,2020,run_of_river,2,2179.2423913043476
CH,2020,run_of_river,3,2143.845652173913
CH,2020,run_of_river,4,2127.894565217391
CH,2020,run_of_river,5,2225.1554347826086
CH,2020,run_of_river,6,2601.754347826087
CH,2020,run_of_river,7,2750.1271739130434
CH,2020,run_of_river,8,2782.4913043478264
CH,2020,run_of_river,9,2749.0
CH,2020,run_of_river,10,2736.85
CH,2020,run_of_river,11,2682.223913043478
CH,2020,run_of_river,12,2603.736956521739
CH,2020,run_of_river,13,2547.395652173913
CH,2020,run_of_river,14,2515.9065217391303
CH,2020,run_of_river,15,2504.441304347826
CH,2020,run_of_river,16,2606.822826086957
CH,2020,run_of_river,17,2826.0478260869563
CH,2020,run_of_river,18,2916.470652173913
CH,2020,run_of_river,19,2978.894565217391
CH,2020,run_of_river,20,2983.5619565217394
CH,2020,run_of_river,21,2953.682608695652
CH,2020,run_of_river,22,2877.0619565217394
CH,2020,run_of_river,23,2728.154347826087
CH,2020,reservoir,0,2090.4858695652174
CH,2020,reservoir,1,1522.6543478260871
CH,2020,reservoir,2,1239.2445652173913
CH,2020,reservoir,3,1110.3532608695652
CH,2020,reservoir,4,1082.1336956521739
CH,2020,reservoir,5,1297.5608695652174
CH,2020,reservoir,6,2229.825
CH,2020,reservoir,7,3169.3380434782607
CH,2020,reservoir,8,3400.714130434783
CH,2020,reservoir,9,3238.769565217391
CH,2020,reservoir,10,2964.358695652174
CH,2020,reservoir,11,2866.552173913043
CH,2020,reservoir,12,2638.1304347826085
CH,2020,reservoir,13,2448.817391304348
CH,2020,reservoir,14,2301.8902173913043
CH,2020,reservoir,15,2264.035869565217
CH,2020,reservoir,16,2375.004347826087
CH,2020,reservoir,17,2836.0456521739134
CH,2020,reservoir,18,3609.689130434783
CH,2020,reservoir,19,4097.496739130435
CH,2020,reservoir,20,4163.047826086957
CH,2020,reservoir,21,4009.072826086957
CH,2020,reservoir,22,3816.0119565217387
CH,2020,reservoir,23,2784.121739130435
CH,2021,pumped_storage_gen,0,302.2576086956522
CH,2021,pumped_storage_gen,1,193.81956521739133
CH,2021,pumped_storage_gen,2,154.32391304347829
CH,2021,pumped_storage_gen,3,132.7967391304348
CH,2021,pumped_storage_gen,4,137.02065217391305
CH,2021,pumped_storage_gen,5,187.1478260869565
CH,2021,pumped_storage_gen,6,398.64021739130436
CH,2021,pumped_storage_gen,7,639.383695652174
CH,2021,pumped_storage_gen,8,708.8
CH,2021,pumped_storage_gen,9,634.170652173913
CH,2021,pumped_storage_gen,10,512.9184782608696
CH,2021,pumped_storage_gen,11,444.79021739130434
CH,2021,pumped_storage_gen,12,348.8010869565218
CH,2021,pumped_storage_gen,13,263.0130434782609
CH,2021,pumped_storage_gen,14,236.87065217391302
CH,2021,pumped_storage_gen,15,242.8782608695652
CH,2021,pumped_storage_gen,16,293.91195652173917
CH,2021,pumped_storage_gen,17,454.8989130434782
CH,2021,pumped_storage_gen,18,684.3978260869565
CH,2021,pumped_storage_gen,19,835.0749999999999
CH,2021,pumped_storage_gen,20,872.2978260869564
CH,2021,pumped_storage_gen,21,821.5423913043478
CH,2021,pumped_storage_gen,22,736.65
CH,2021,pumped_storage_gen,23,641.9717391304348
CH,2021,run_of_river,0,2765.89347826087
CH,2021,run_of_river,1,2695.458695652174
CH,2021,run_of_river,2,2606.2032608695654
CH,2021,run_of_river,3,2588.9771739130433
CH,2021,run_of_river,4,2591.2010869565215
CH,2021,run_of_river,5,2632.026086956522
CH,2021,run_of_river,6,2827.846739130435
CH,2021,run_of_river,7,2906.3869565217387
CH,2021,run_of_river,8,2835.4304347826087
CH,2021,run_of_river,9,2835.9934782608693
CH,2021,run_of_river,10,2823.128260869565
CH,2021,run_of_river,11,2791.3695652173915
CH,2021,run_of_river,12,2725.3728260869566
CH,2021,run_of_river,13,2627.7
CH,2021,run_of_river,14,2581.5239130434784
CH,2021,run_of_river,15,2596.978260869565
CH,2021,run_of_river,16,2699.620652173913
CH,2021,run_of_river,17,2872.9956521739127
CH,2021,run_of_river,18,2995.9532608695654
CH,2021,run_of_river,19,3006.929347826087
CH,2021,run_of_river,20,3000.6684782608695
CH,2021,run_of_river,21,3015.779347826087
CH,2021,run_of_river,22,2990.5402173913044
CH,2021,run_of_river,23,2910.955434782609
CH,2021,reservoir,0,2227.4
CH,2021,reservoir,1,1861.375
CH,2021,reservoir,2,1721.8021739130434
CH,2021,reservoir,3,1615.8902173913043
CH,2021,reservoir,4,1595.6913043478262
CH,2021,reservoir,5,1784.9673913043478
CH,2021,reservoir,6,2686.730434782609
CH,2021,reservoir,7,3704.388043478261
CH,2021,reservoir,8,3909.2489130434783
CH,2021,reservoir,9,3607.2999999999997
CH,2021,reservoir,10,3076.5489130434785
CH,2021,reservoir,11,2844.138043478261
CH,2021,reservoir,12,2486.816304347826
CH,2021,reservoir,13,2179.519565217391
CH,2021,reservoir,14,2023.4489130434781
CH,2021,reservoir,15,2030.645652173913
CH,2021,reservoir,16,2226.85652173913
CH,2021,reservoir,17,2868.990217391304
CH,2021,reservoir,18,3849.6423913043477
CH,2021,reservoir,19,4415.407608695652
CH,2021,reservoir,20,4571.31847826087
CH,2021,reservoir,21,4377.551086956521
CH,2021,reservoir,22,4047.4576086956517
CH,2021,reservoir,23,2964.5565217391304
CH,2022,pumped_storage_gen,0,202.46521739130435
CH,2022,pumped_storage_gen,1,136.06521739130434
CH,2022,pumped_storage_gen,2,107.30326086956521
CH,2022,pumped_storage_gen,3,91.76195652173914
CH,2022,pumped_storage_gen,4,90.37282608695651
CH,2022,pumped_storage_gen,5,134.6717391304348
CH,2022,pumped_storage_gen,6,314.46956521739133
CH,2022,pumped_storage_gen,7,628.6380434782608
CH,2022,pumped_storage_gen,8,672.7402173913043
CH,2022,pumped_storage_gen,9,515.4054347826087
CH,2022,pumped_storage_gen,10,429.04456521739127
CH,2022,pumped_storage_gen,11,386.75
CH,2022,pumped_storage_gen,12,331.8923913043478
CH,2022,pumped_storage_gen,13,300.6478260869565
CH,2022,pumped_storage_gen,14,312.8434782608696
CH,2022,pumped_storage_gen,15,299.379347826087
CH,2022,pumped_storage_gen,16,332.375
CH,2022,pumped_storage_gen,17,478.73804347826086
CH,2022,pumped_storage_gen,18,752.9565217391304
CH,2022,pumped_storage_gen,19,1047.4152173913044
CH,2022,pumped_storage_gen,20,1080.0076086956522
CH,2022,pumped_storage_gen,21,952.4
CH,2022,pumped_storage_gen,22,758.4652173913043
CH,2022,pumped_storage_gen,23,666.1891304347827
CH,2022,run_of_river,0,2418.7902173913044
CH,2022,run_of_river,1,2260.10652173913
CH,2022,run_of_river,2,2125.7956521739134
CH,2022,run_of_river,3,2056.23152173913
CH,2022,run_of_river,4,2028.6304347826087
CH,2022,run_of_river,5,2132.2434782608693
CH,2022,run_of_river,6,2476.465217391304
CH,2022,run_of_river,7,2606.7326086956523
CH,2022,run_of_river,8,2612.5554347826087
CH,2022,run_of_river,9,2581.075
CH,2022,run_of_river,10,2548.4695652173914
CH,2022,run_of_river,11,2527.980434782609
CH,2022,run_of_river,12,2456.1163043478264
CH,2022,run_of_river,13,2394.8815217391307
CH,2022,run_of_river,14,2403.534782608696
CH,2022,run_of_river,15,2421.941304347826
CH,2022,run_of_river,16,2531.282608695652
CH,2022,run_of_river,17,2702.705434782609
CH,2022,run_of_river,18,2829.603260869565
CH,2022,run_of_river,19,2843.794565217391
CH,2022,run_of_river,20,2861.073913043478
CH,2022,run_of_river,21,2848.641304347826
CH,2022,run_of_river,22,2824.5880434782607
CH,2022,run_of_river,23,2750.9217391304346
CH,2022,reservoir,0,1777.4380434782609
CH,2022,reservoir,1,1381.6402173913043
CH,2022,reservoir,2,1204.7010869565217
CH,2022,reservoir,3,1062.6891304347826
CH,2022,reservoir,4,1034.4358695652174
CH,2022,reservoir,5,1260.320652173913
CH,2022,reservoir,6,2088.9467391304347
CH,2022,reservoir,7,2807.5858695652173
CH,2022,reservoir,8,2975.263043478261
CH,2022,reservoir,9,2553.7804347826086
CH,2022,reservoir,10,2316.3054347826087
CH,2022,reservoir,11,2250.5782608695654
CH,2022,reservoir,12,2059.983695652174
CH,2022,reservoir,13,1913.6358695652175
CH,2022,reservoir,14,1919.9750000000001
CH,2022,reservoir,15,1900.1184782608696
CH,2022,reservoir,16,2005.1597826086959
CH,2022,reservoir,17,2434.60652173913
CH,2022,reservoir,18,3096.6293478260873
CH,2022,reservoir,19,3835.24347826087
CH,2022,reservoir,20,3986.785869565217
CH,2022,reservoir,21,3639.76847826087
CH,2022,reservoir,22,3257.7032608695654
CH,2022,reservoir,23,2515.990217391304
CH,2023,pumped_storage_gen,0,428.5380434782609
CH,2023,pumped_storage_gen,1,237.07934782608694
CH,2023,pumped_storage_gen,2,165.65108695652174
CH,2023,pumped_storage_gen,3,143.24347826086955
CH,2023,pumped_storage_gen,4,150.51304347826087
CH,2023,pumped_storage_gen,5,248.18695652173915
CH,2023,pumped_storage_gen,6,539.7989130434783
CH,2023,pumped_storage_gen,7,836.4108695652175
CH,2023,pumped_storage_gen,8,824.4673913043479
CH,2023,pumped_storage_gen,9,536.1478260869565
CH,2023,pumped_storage_gen,10,310.2119565217391
CH,2023,pumped_storage_gen,11,220.77717391304347
CH,2023,pumped_storage_gen,12,185.67826086956524
CH,2023,pumped_storage_gen,13,160.1967391304348
CH,2023,pumped_storage_gen,14,145.5641304347826
CH,2023,pumped_storage_gen,15,152.63260869565218
CH,2023,pumped_storage_gen,16,191.80652173913043
CH,2023,pumped_storage_gen,17,331.09565217391304
CH,2023,pumped_storage_gen,18,694.0184782608695
CH,2023,pumped_storage_gen,19,1153.1597826086957
CH,2023,pumped_storage_gen,20,1296.5326086956522
CH,2023,pumped_storage_gen,21,1261.317391304348
CH,2023,pumped_storage_gen,22,1106.4760869565218
CH,2023,pumped_storage_gen,23,890.1543478260869
CH,2023,run_of_river,0,2745.520652173913
CH,2023,run_of_river,1,2691.7
CH,2023,run_of_river,2,2636.394565217391
CH,2023,run_of_river,3,2588.2641304347826
CH,2023,run_of_river,4,2549.5815217391305
CH,2023,run_of_river,5,2630.6304347826085
CH,2023,run_of_river,6,2865.464130434783
CH,2023,run_of_river,7,2929.788043478261
CH,2023,run_of_river,8,2894.179347826087
CH,2023,run_of_river,9,2779.947826086957
CH,2023,run_of_river,10,2679.177173913043
CH,2023,run_of_river,11,2618.7413043478264
CH,2023,run_of_river,12,2539.3380434782607
CH,2023,run_of_river,13,2495.2804347826086
CH,2023,run_of_river,14,2513.6847826086955
CH,2023,run_of_river,15,2584.486956521739
CH,2023,run_of_river,16,2709.736956521739
CH,2023,run_of_river,17,2860.0684782608696
CH,2023,run_of_river,18,3022.9315217391304
CH,2023,run_of_river,19,3121.060869565217
CH,2023,run_of_river,20,3142.353260869565
CH,2023,run_of_river,21,3106.8130434782606
CH,2023,run_of_river,22,3062.0565217391304
CH,2023,run_of_river,23,2953.64347826087
CH,2023,reservoir,0,2735.592391304348
CH,2023,reservoir,1,2169.125
CH,2023,reservoir,2,1788.2228260869565
CH,2023,reservoir,3,1635.0423913043478
CH,2023,reservoir,4,1701.2967391304346
CH,2023,reservoir,5,2108.3445652173914
CH,2023,reservoir,6,2918.2902173913044
CH,2023,reservoir,7,3397.7456521739127
CH,2023,reservoir,8,3329.448913043478
CH,2023,reservoir,9,2662.2413043478264
CH,2023,reservoir,10,1984.0456521739131
CH,2023,reservoir,11,1708.4043478260871
CH,2023,reservoir,12,1484.5836956521741
CH,2023,reservoir,13,1325.1326086956522
CH,2023,reservoir,14,1325.8554347826087
CH,2023,reservoir,15,1396.3641304347825
CH,2023,reservoir,16,1638.5554347826087
CH,2023,reservoir,17,2292.8663043478264
CH,2023,reservoir,18,3184.2586956521736
CH,2023,reservoir,19,4163.226086956522
CH,2023,reservoir,20,4508.281521739131
CH,2023,reservoir,21,4428.397826086956
CH,2023,reservoir,22,4021.426086956522
CH,2023,reservoir,23,3149.9847826086952
CH,2024,pumped_storage_gen,0,730.35
CH,2024,pumped_storage_gen,1,603.3184782608696
CH,2024,pumped_storage_gen,2,535.4141304347826
CH,2024,pumped_storage_gen,3,469.2402173913043
CH,2024,pumped_storage_gen,4,437.67282608695655
CH,2024,pumped_storage_gen,5,480.42717391304353
CH,2024,pumped_storage_gen,6,597.5228260869565
CH,2024,pumped_storage_gen,7,681.8554347826087
CH,2024,pumped_storage_gen,8,696.4880434782609
CH,2024,pumped_storage_gen,9,561.7576086956522
CH,2024,pumped_storage_gen,10,455.70978260869566
CH,2024,pumped_storage_gen,11,366.44782608695647
CH,2024,pumped_storage_gen,12,301.75
CH,2024,pumped_storage_gen,13,262.93804347826085
CH,2024,pumped_storage_gen,14,243.40217391304347
CH,2024,pumped_storage_gen,15,275.6141304347826
CH,2024,pumped_storage_gen,16,364.58152173913044
CH,2024,pumped_storage_gen,17,488.19782608695647
CH,2024,pumped_storage_gen,18,683.0347826086957
CH,2024,pumped_storage_gen,19,857.6217391304348
CH,2024,pumped_storage_gen,20,899.633695652174
CH,2024,pumped_storage_gen,21,907.6521739130435
CH,2024,pumped_storage_gen,22,938.6119565217392
CH,2024,pumped_storage_gen,23,989.7663043478261
CH,2024,run_of_river,0,3038.5271739130435
CH,2024,run_of_river,1,3019.6
CH,2024,run_of_river,2,2976.5978260869565
CH,2024,run_of_river,3,2943.784782608696
CH,2024,run_of_river,4,2931.0434782608695
CH,2024,run_of_river,5,2954.8119565217394
CH,2024,run_of_river,6,3024.4086956521737
CH,2024,run_of_river,7,3030.266304347826
CH,2024,run_of_river,8,2958.5336956521737
CH,2024,run_of_river,9,2823.2521739130434
CH,2024,run_of_river,10,2765.0076086956524
CH,2024,run_of_river,11,2758.552173913043
CH,2024,run_of_river,12,2708.715217391304
CH,2024,run_of_river,13,2710.698913043478
CH,2024,run_of_river,14,2721.6478260869567
CH,2024,run_of_river,15,2778.1402173913043
CH,2024,run_of_river,16,2906.072826086957
CH,2024,run_of_river,17,2992.8771739130434
CH,2024,run_of_river,18,3046.714130434783
CH,2024,run_of_river,19,3099.1195652173915
CH,2024,run_of_river,20,3086.570652173913
CH,2024,run_of_river,21,3071.88152173913
CH,2024,run_of_river,22,3067.791304347826
CH,2024,run_of_river,23,3036.9445652173918
CH,2024,reservoir,0,4131.479347826086
CH,2024,reservoir,1,3902.598913043478
CH,2024,reservoir,2,3713.083695652174
CH,2024,reservoir,3,3524.3163043478257
CH,2024,reservoir,4,3377.5793478260866
CH,2024,reservoir,5,3481.8673913043476
CH,2024,reservoir,6,3800.4826086956523
CH,2024,reservoir,7,4092.7815217391308
CH,2024,reservoir,8,3991.6369565217387
CH,2024,reservoir,9,3542.554347826087
CH,2024,reservoir,10,3156.9695652173914
CH,2024,reservoir,11,2819.6097826086957
CH,2024,reservoir,12,2496.855434782609
CH,2024,reservoir,13,2338.628260869565
CH,2024,reservoir,14,2339.009782608696
CH,2024,reservoir,15,2504.070652173913
CH,2024,reservoir,16,2881.1010869565216
CH,2024,reservoir,17,3425.794565217391
CH,2024,reservoir,18,4020.0086956521736
CH,2024,reservoir,19,4563.742391304348
CH,2024,reservoir,20,4670.102173913044
CH,2024,reservoir,21,4684.70652173913
CH,2024,reservoir,22,4657.364130434783
CH,2024,reservoir,23,4357.433695652174
CH,2025,pumped_storage_gen,0,643.9847826086956
CH,2025,pumped_storage_gen,1,443.7282608695652
CH,2025,pumped_storage_gen,2,349.9478260869565
CH,2025,pumped_storage_gen,3,311.5934782608696
CH,2025,pumped_storage_gen,4,329.2467391304348
CH,2025,pumped_storage_gen,5,521.5391304347826
CH,2025,pumped_storage_gen,6,852.8010869565217
CH,2025,pumped_storage_gen,7,857.0717391304348
CH,2025,pumped_storage_gen,8,644.0032608695652
CH,2025,pumped_storage_gen,9,350.4945652173913
CH,2025,pumped_storage_gen,10,179.32065217391303
CH,2025,pumped_storage_gen,11,127.36413043478261
CH,2025,pumped_storage_gen,12,103.38804347826088
CH,2025,pumped_storage_gen,13,107.83804347826087
CH,2025,pumped_storage_gen,14,116.48804347826086
CH,2025,pumped_storage_gen,15,140.10760869565217
CH,2025,pumped_storage_gen,16,188.1336956521739
CH,2025,pumped_storage_gen,17,335.2608695652174
CH,2025,pumped_storage_gen,18,751.3684782608696
CH,2025,pumped_storage_gen,19,1262.7054347826086
CH,2025,pumped_storage_gen,20,1488.0684782608694
CH,2025,pumped_storage_gen,21,1465.1315217391304
CH,2025,pumped_storage_gen,22,1281.4141304347827
CH,2025,pumped_storage_gen,23,1002.133695652174
CH,2025,run_of_river,0,2688.8445652173914
CH,2025,run_of_river,1,2634.947826086957
CH,2025,run_of_river,2,2609.598913043478
CH,2025,run_of_river,3,2563.8597826086957
CH,2025,run_of_river,4,2543.822826086957
CH,2025,run_of_river,5,2692.697826086957
CH,2025,run_of_river,6,2880.0684782608696
CH,2025,run_of_river,7,2850.7739130434784
CH,2025,run_of_river,8,2708.833695652174
CH,2025,run_of_river,9,2562.6010869565216
CH,2025,run_of_river,10,2457.2347826086957
CH,2025,run_of_river,11,2375.409782608696
CH,2025,run_of_river,12,2301.103260869565
CH,2025,run_of_river,13,2290.707608695652
CH,2025,run_of_river,14,2335.5619565217394
CH,2025,run_of_river,15,2444.0065217391307
CH,2025,run_of_river,16,2641.532608695652
CH,2025,run_of_river,17,2878.7391304347825
CH,2025,run_of_river,18,2989.904347826087
CH,2025,run_of_river,19,3035.189130434783
CH,2025,run_of_river,20,3038.034782608696
CH,2025,run_of_river,21,2981.2217391304353
CH,2025,run_of_river,22,2922.4032608695647
CH,2025,run_of_river,23,2842.269565217391
CH,2025,reservoir,0,1962.7597826086956
CH,2025,reservoir,1,1715.3902173913043
CH,2025,reservoir,2,1553.895652173913
CH,2025,reservoir,3,1478.9358695652174
CH,2025,reservoir,4,1544.054347826087
CH,2025,reservoir,5,1777.3456521739129
CH,2025,reservoir,6,2300.2358695652174
CH,2025,reservoir,7,2244.779347826087
CH,2025,reservoir,8,1835.0847826086956
CH,2025,reservoir,9,1369.071739130435
CH,2025,reservoir,10,1111.6532608695652
CH,2025,reservoir,11,1001.170652173913
CH,2025,reservoir,12,914.1673913043478
CH,2025,reservoir,13,896.5902173913043
CH,2025,reservoir,14,901.3423913043479
CH,2025,reservoir,15,1014.9315217391304
CH,2025,reservoir,16,1194.8402173913043
CH,2025,reservoir,17,1580.5608695652174
CH,2025,reservoir,18,2305.611956521739
CH,2025,reservoir,19,3215.336956521739
CH,2025,reservoir,20,3714.677173913043
CH,2025,reservoir,21,3643.7032608695654
CH,2025,reservoir,22,3204.5717391304347
CH,2025,reservoir,23,2370.35
CH,2026,pumped_storage_gen,0,581.9239130434783
CH,2026,pumped_storage_gen,1,383.3402173913044
CH,2026,pumped_storage_gen,2,286.3391304347826
CH,2026,pumped_storage_gen,3,227.00434782608698
CH,2026,pumped_storage_gen,4,247.04347826086956
CH,2026,pumped_storage_gen,5,362.01847826086953
CH,2026,pumped_storage_gen,6,643.4347826086956
CH,2026,pumped_storage_gen,7,652.954347826087
CH,2026,pumped_storage_gen,8,439.98478260869564
CH,2026,pumped_storage_gen,9,235.41195652173914
CH,2026,pumped_storage_gen,10,148.63804347826087
CH,2026,pumped_storage_gen,11,119.28152173913043
CH,2026,pumped_storage_gen,12,106.50326086956521
CH,2026,pumped_storage_gen,13,97.05217391304348
CH,2026,pumped_storage_gen,14,99.64239130434783
CH,2026,pumped_storage_gen,15,118.82282608695652
CH,2026,pumped_storage_gen,16,168.32282608695652
CH,2026,pumped_storage_gen,17,293.67391304347825
CH,2026,pumped_storage_gen,18,652.2641304347826
CH,2026,pumped_storage_gen,19,1076.8130434782609
CH,2026,pumped_storage_gen,20,1289.1576086956522
CH,2026,pumped_storage_gen,21,1274.8271739130435
CH,2026,pumped_storage_gen,22,1141.5815217391305
CH,2026,pumped_storage_gen,23,970.4945652173913
CH,2026,run_of_river,0,2369.794565217391
CH,2026,run_of_river,1,2331.240217391304
CH,2026,run_of_river,2,2283.4826086956523
CH,2026,run_of_river,3,2229.353260869565
CH,2026,run_of_river,4,2194.7554347826085
CH,2026,run_of_river,5,2298.108695652174
CH,2026,run_of_river,6,2405.5978260869565
CH,2026,run_of_river,7,2356.784782608696
CH,2026,run_of_river,8,2216.5010869565217
CH,2026,run_of_river,9,2056.032608695652
CH,2026,run_of_river,10,1949.7608695652175
CH,2026,run_of_river,11,1933.5228260869567
CH,2026,run_of_river,12,1926.0152173913043
CH,2026,run_of_river,13,1900.682608695652
CH,2026,run_of_river,14,1936.7815217391303
CH,2026,run_of_river,15,2025.7815217391303
CH,2026,run_of_river,16,2223.7771739130435
CH,2026,run_of_river,17,2434.916304347826
CH,2026,run_of_river,18,2542.448913043478
CH,2026,run_of_river,19,2616.2478260869566
CH,2026,run_of_river,20,2630.5478260869563
CH,2026,run_of_river,21,2593.791304347826
CH,2026,run_of_river,22,2559.48152173913
CH,2026,run_of_river,23,2492.182608695652
CH,2026,reservoir,0,1573.6934782608694
CH,2026,reservoir,1,1345.1684782608695
CH,2026,reservoir,2,1211.411956521739
CH,2026,reservoir,3,1142.3978260869567
CH,2026,reservoir,4,1153.361956521739
CH,2026,reservoir,5,1350.0771739130435
CH,2026,reservoir,6,1619.8456521739129
CH,2026,reservoir,7,1623.9978260869564
CH,2026,reservoir,8,1384.7445652173913
CH,2026,reservoir,9,1070.25
CH,2026,reservoir,10,886.5739130434783
CH,2026,reservoir,11,785.5891304347825
CH,2026,reservoir,12,727.5380434782609
CH,2026,reservoir,13,690.9141304347826
CH,2026,reservoir,14,702.3282608695652
CH,2026,reservoir,15,775.6228260869566
CH,2026,reservoir,16,907.0021739130434
CH,2026,reservoir,17,1257.6576086956522
CH,2026,reservoir,18,1702.1467391304348
CH,2026,reservoir,19,2212.5608695652177
CH,2026,reservoir,20,2540.6076086956523
CH,2026,reservoir,21,2477.417391304348
CH,2026,reservoir,22,2228.745652173913
CH,2026,reservoir,23,1819.486956521739
