country,year,months_covered,intervals,interval_h,run_of_river_gwh,reservoir_gwh,pumped_gwh,hydro_total_gwh,load_gwh,wind_gwh,solar_gwh,hydro_cov,load_cov,hydro_share_of_load_pct,run_of_river_share_pct,reservoir_share_pct,pumped_share_pct,renewable_share_of_load_pct,hydro_capacity_mw,hydro_flh
AT,2017,"['06', '07', '08']",8832,0.25,7702.2751,1728.0022000000001,1090.6924000000001,10520.9697,14519.1833,1123.0580499999999,449.10272499999996,1.0,1.0,72.46254477688149,73.20879462279984,16.424362480580093,10.366842896620073,83.01034873188406,,
AT,2018,"['06', '07', '08']",8832,0.25,6730.7023,1535.7827,937.4106999999999,9203.8957,14667.407399999998,1267.3441749999997,575.489275,1.0,1.0,62.75066512436275,73.12884151870604,16.68622450817212,10.184933973121838,75.04884510869566,,
AT,2019,"['06', '07', '08']",8832,0.25,7932.110600000001,1916.6420999999998,1172.9388000000001,11021.6915,14554.511400000001,1138.458,284.502,1.0,1.0,75.72697699766137,71.96817838713777,17.389727339038657,10.642094273823579,84.09492753623189,,
AT,2020,"['06', '07', '08']",8832,0.25,8843.375699999999,1819.0226,1664.4103,12326.808600000002,14049.981300000001,1422.62,302.915,1.0,1.0,87.73540929908569,71.74099953170358,14.756638632322074,13.502361835974314,94.46342844202898,,
AT,2021,"['06', '07', '08']",8832,0.25,9686.859899999998,2010.7157000000002,1614.968,13312.543599999999,14886.812899999999,1214.204,322.94,1.0,1.0,89.42507499372145,72.7649064751232,15.103918232425546,12.131175292451251,93.83025362318841,,
AT,2022,"['06', '07', '08']",8832,0.25,6796.2895,1511.0566000000001,1318.2957999999999,9625.6419,14185.4186,1437.409,380.788,1.0,1.0,67.85588900422015,70.60609121558947,15.69824242059119,13.69566636381933,78.04322916666668,,
AT,2023,"['06', '07', '08']",8832,0.25,8928.893199999999,1475.2717999999998,1252.8452,11657.0102,13093.3708,1348.239,994.566,1.0,1.0,89.02986387584777,76.59676921274374,12.65566191234867,10.747568874907564,102.0817821557971,,
AT,2024,"['06', '07', '08']",8832,0.25,8863.992400000001,1573.4128999999998,1411.8591999999999,11849.2645,13505.1628,1384.544,2486.758,1.0,1.0,87.73877572212605,74.80626666743747,13.278570159354615,11.915163173207922,110.97083333333333,,
AT,2025,"['06', '07', '08']",8832,0.25,7885.8386,1365.1569,1228.7435,10479.739,13175.6026,1859.617,2325.76,1.0,1.0,79.53897304097498,75.24842555716322,13.026630720478822,11.724943722357972,106.51445878623188,,
AT,2026,"['06', '07', '08']",8832,0.25,5491.4905,920.3714,1039.987,7451.848899999999,13438.3622,1771.602,2851.316,1.0,1.0,55.452061710317636,73.69299315771153,12.350913341788239,13.95609350050026,86.2142776268116,,
