country,year,month,hydro_gwh,run_of_river_gwh,reservoir_gwh,pumped_gwh
AT,2017,2017-06,3147.5512000000003,2375.3096,460.9025,311.3391
AT,2017,2017-07,3445.501,2547.0393,617.1519000000002,281.30980000000005
AT,2017,2017-08,3927.9175,2779.9262000000003,649.9478,498.04350000000005
AT,2018,2018-06,3791.718,2822.9347000000002,615.4394,353.3439
AT,2018,2018-07,2928.1125999999995,2121.9007,495.2105000000001,311.00140000000005
AT,2018,2018-08,2484.0651000000003,1785.8669,425.1328,273.0654
AT,2019,2019-06,4452.7276999999995,3381.9281,649.1504,421.6492
AT,2019,2019-07,3439.4286,2373.1039,664.9985,401.3262
AT,2019,2019-08,3129.5352000000003,2177.0786000000003,602.4932,349.96340000000004
AT,2020,2020-06,4131.6682,3017.3197999999998,572.0627000000001,542.2856999999999
AT,2020,2020-07,4234.4711,3025.5374,645.8914,563.0423000000001
AT,2020,2020-08,3960.6693,2800.5185,601.0685000000001,559.0823
AT,2021,2021-06,4521.7071000000005,3370.8315,621.068,529.8076000000001
AT,2021,2021-07,4207.5752,3070.877,650.7586000000001,485.9396
AT,2021,2021-08,4583.2613,3245.1513999999997,738.8891,599.2208
AT,2022,2022-06,3790.2504000000004,2766.5311,544.2002,479.51910000000004
AT,2022,2022-07,3053.702,2198.75,454.9902,399.9618
AT,2022,2022-08,2781.6895,1831.0084,511.86619999999994,438.8149
AT,2023,2023-06,3941.2201,3047.108,486.28630000000004,407.8258000000001
AT,2023,2023-07,3523.0003,2721.5657,460.7549,340.6797
AT,2023,2023-08,4192.7898000000005,3160.2195,528.2306,504.3397
AT,2024,2024-06,4340.237799999999,3340.3028,550.2786000000001,449.6564
AT,2024,2024-07,4241.023300000001,3150.817,564.0911,526.1152
AT,2024,2024-08,3268.0034,2372.8725999999997,459.04320000000007,436.0876
AT,2025,2025-06,3276.0987999999998,2478.5916,401.4314,396.07579999999996
AT,2025,2025-07,3627.8956999999996,2828.2397,472.2501,327.40590000000003
AT,2025,2025-08,3575.7445,2579.0073,491.4754,505.26180000000005
AT,2026,2026-06,3186.3592999999996,2466.1324,352.24379999999996,367.9831
AT,2026,2026-07,2147.5511,1555.6233,268.8999,323.02790000000005
AT,2026,2026-08,2117.9385,1469.7348,299.22769999999997,348.976
