country,year,months_covered,intervals,interval_h,run_of_river_gwh,reservoir_gwh,pumped_gwh,hydro_total_gwh,natural_gwh,load_gwh,wind_gwh,wind_onshore_gwh,solar_gwh,hydro_cov,load_cov,hydro_share_of_load_pct,natural_share_of_load_pct,run_of_river_share_pct,reservoir_share_pct,pumped_share_pct,renewable_share_of_load_pct,hydro_capacity_mw,hydro_flh
DE,2017,"['06', '07', '08']",8832,0.25,5632.442574999999,188.311475,2057.836375,7878.590424999999,5820.75405,120081.3039,18316.431450000004,15008.55435,14685.054825,1.0,1.0,6.561046698461108,4.847344141805242,71.49048587584117,2.3901670837267823,26.119347040432046,41.28871029757781,5325.0,1093.0993521126761
DE,2018,"['06', '07', '08']",8832,0.25,4553.7957750000005,430.662,1662.288225,6646.746,4984.457775000001,122473.020625,16125.178075,13147.407,16295.160950000001,1.0,1.0,5.427110367720629,4.069841463502322,68.51165630520559,6.47929076874609,25.009052926048327,39.08127931994083,5337.0,933.9437464867904
DE,2019,"['06', '07', '08']",8832,0.25,5217.5077,810.0716000000001,2040.000175,8067.579475,6027.5793,118593.61902499999,18902.904950000004,14350.679625,17245.26405,1.0,1.0,6.802709573522099,5.082549423446943,64.67252930284893,10.041073688957988,25.28639700819309,44.261566512431514,5346.0,1127.4933221099889
DE,2020,"['06', '07', '08']",8832,0.25,4863.631125,658.850525,2588.30125,8110.7829,5522.48165,113386.716875,20100.795825,15511.823475,17247.379800000002,1.0,1.0,7.153203764548104,4.870483776409281,59.96500196053823,8.12314338977067,31.91185464969109,47.21360998885083,5363.0,1029.7373951146744
DE,2021,"['06', '07', '08']",8832,0.25,6002.55545,782.9942250000001,1817.1316000000002,8602.681275,6785.549675,119517.88997500001,18533.915075,14318.872625,17952.441824999998,1.0,1.0,7.197818901253573,5.677434295752174,69.77540208822857,9.101746304090524,21.122851607680882,45.18957638805988,5296.0,1281.2593797205438
DE,2022,"['06', '07', '08']",8832,0.25,4551.697875,517.33585,2572.1836000000003,7641.217325,5069.033725,113168.648925,16856.574125,12900.754724999999,22109.839725,1.0,1.0,6.75206198676459,4.479185510431771,59.567706052647836,6.770332893260566,33.661961054091606,47.98542557474471,5410.0,936.9748105360445
DE,2023,"['06', '07', '08']",8832,0.25,5264.971724999999,580.023375,2276.128575,8121.123675,5844.995099999999,108035.90144999999,22899.61835,18719.4065,22320.426349999998,1.0,1.0,7.517060130940389,5.410234025496716,64.83058177290964,7.142156654817845,28.02726157227251,56.05524052236249,5411.0,1080.2060802069857
DE,2024,"['06', '07', '08']",8832,0.25,5352.7018,792.4168000000001,3016.841175,9161.959775,6145.1186,109600.1917,20885.8202,16267.999575,25354.30985,1.0,1.0,8.359437728063755,5.606850229624188,58.42310959065524,8.648987983578001,32.92790242576677,56.620339911709294,5415.0,1134.8326131117267
DE,2025,"['06', '07', '08']",8832,0.25,4440.697450000001,501.995,2568.742425,7511.434875,4942.6924500000005,107687.55664999998,25201.52545,20117.180725,27571.229225,1.0,1.0,6.975211536661791,4.589845478679083,59.11916330100646,6.683077312841642,34.1977593861519,62.20716529749587,5415.0,912.7779224376732
DE,2026,"['06', '07', '08']",8832,0.25,3556.667875,378.284825,2818.840325,6753.793025,3934.9527000000003,109476.55840000001,27252.4366,21915.079850000002,34595.22547499999,1.0,1.0,6.169168197929028,3.594333579269697,52.66178370931053,5.601072221190847,41.73714406949864,68.47340459754533,5320.0,739.6527631578948
