country,year,month,hydro_gwh,run_of_river_gwh,reservoir_gwh,pumped_gwh,natural_gwh
CH,2017,2017-06,3387.5482,1355.2427,1646.5143999999998,385.7911,3001.7571
CH,2017,2017-07,3343.5036,1389.2801000000002,1632.3887,321.83480000000003,3021.6688000000004
CH,2017,2017-08,3645.7230999999997,1421.637,1880.4931000000001,343.593,3302.1301000000003
CH,2018,2018-06,4256.4520999999995,2148.7894000000006,1721.5444000000002,386.1183,3870.333800000001
CH,2018,2018-07,4518.3165,2300.0295,1893.0365,325.2505,4193.066
CH,2018,2018-08,4240.0543,1878.5893,2081.8572,279.6078,3960.4465
CH,2019,2019-06,4784.975,2526.5161000000003,1843.2449000000001,415.214,4369.761
CH,2019,2019-07,5632.582399999999,2517.12,2691.308,424.1544,5208.428
CH,2019,2019-08,5194.3965,2020.4923000000001,2764.8224,409.0818,4785.3147
CH,2020,2020-06,3851.4943,1773.953,1724.6201,352.9212,3498.5731
CH,2020,2020-07,4720.6202,2178.0878,2166.9584000000004,375.574,4345.046200000001
CH,2020,2020-08,4102.427600000001,1810.142,1955.5141,336.7715,3765.6561
CH,2021,2021-06,4660.625099999999,2308.212,2009.4502,342.96290000000005,4317.6622
CH,2021,2021-07,4521.636800000001,2004.1703,2204.6406,312.8259,4208.8109
CH,2021,2021-08,4293.9902999999995,1844.7115,2104.2568,345.022,3948.9683
CH,2022,2022-06,4068.3878,2135.4366,1540.658,392.29319999999996,3676.0946
CH,2022,2022-07,4058.1348,1886.7088999999999,1839.4649,331.961,3726.1737999999996
CH,2022,2022-08,3515.7502000000004,1520.3172999999997,1705.5713,289.86159999999995,3225.8885999999998
CH,2023,2023-06,4138.1225,2029.3430999999998,1739.456,369.32340000000005,3768.7990999999997
CH,2023,2023-07,4506.372800000001,2293.7269,1860.1902999999998,352.4556,4153.9172
CH,2023,2023-08,4234.3303,1815.2476000000001,2017.5731,401.50960000000003,3832.8207
CH,2024,2024-06,4582.9883,2109.5782000000004,2044.4153000000001,428.99480000000005,4153.9935000000005
CH,2024,2024-07,5894.847,2324.2527,3085.1540999999997,485.44019999999995,5409.4068
CH,2024,2024-08,5231.5645,2047.7126,2826.0181000000002,357.83379999999994,4873.7307
CH,2025,2025-06,4067.0483,2087.8651999999997,1491.3673999999999,487.81569999999994,3579.2325999999994
CH,2025,2025-07,3807.2838999999994,1958.8595,1447.7374,400.687,3406.5969
CH,2025,2025-08,3439.2355,1866.0571,1187.1927999999998,385.9856,3053.2499
CH,2026,2026-06,3293.5432,1899.9997999999998,924.616,468.92740000000003,2824.6157999999996
CH,2026,2026-07,2752.5773000000004,1656.1993,799.7833,296.59469999999993,2455.9826000000003
CH,2026,2026-08,3090.6994,1458.4991,1329.0015999999998,303.19870000000003,2787.5006999999996
