country,year,hour,price
CH,2017,0,30.970326086956522
CH,2017,1,28.70369565217391
CH,2017,2,26.902608695652173
CH,2017,3,25.571304347826086
CH,2017,4,25.105108695652174
CH,2017,5,26.23891304347826
CH,2017,6,30.614239130434786
CH,2017,7,34.301086956521736
CH,2017,8,36.043260869565216
CH,2017,9,35.73271739130435
CH,2017,10,34.63923913043478
CH,2017,11,34.57510869565217
CH,2017,12,33.41445652173913
CH,2017,13,32.59847826086956
CH,2017,14,31.628695652173914
CH,2017,15,31.382173913043477
CH,2017,16,31.701521739130435
CH,2017,17,34.1441304347826
CH,2017,18,36.98304347826087
CH,2017,19,38.94413043478261
CH,2017,20,38.295
CH,2017,21,37.60673913043478
CH,2017,22,37.32217391304348
CH,2017,23,34.1654347826087
CH,2018,0,47.932391304347824
CH,2018,1,44.931739130434785
CH,2018,2,43.216521739130435
CH,2018,3,41.80739130434783
CH,2018,4,41.31141304347826
CH,2018,5,42.84641304347826
CH,2018,6,48.22978260869566
CH,2018,7,53.71891304347827
CH,2018,8,56.21097826086957
CH,2018,9,55.22695652173913
CH,2018,10,53.27282608695653
CH,2018,11,52.720978260869565
CH,2018,12,50.97
CH,2018,13,49.52217391304348
CH,2018,14,48.35130434782609
CH,2018,15,48.578043478260874
CH,2018,16,49.58847826086957
CH,2018,17,52.68108695652174
CH,2018,18,56.1270652173913
CH,2018,19,58.38782608695652
CH,2018,20,57.58369565217391
CH,2018,21,56.31326086956521
CH,2018,22,55.55076086956522
CH,2018,23,51.32032608695653
CH,2019,0,33.38163043478261
CH,2019,1,31.37608695652174
CH,2019,2,30.046739130434784
CH,2019,3,29.231086956521743
CH,2019,4,28.98054347826087
CH,2019,5,29.819782608695654
CH,2019,6,33.223260869565216
CH,2019,7,36.211304347826086
CH,2019,8,38.210108695652174
CH,2019,9,37.650978260869564
CH,2019,10,36.17336956521739
CH,2019,11,35.36663043478261
CH,2019,12,33.650978260869564
CH,2019,13,31.836521739130436
CH,2019,14,30.845978260869565
CH,2019,15,31.118913043478262
CH,2019,16,32.43902173913043
CH,2019,17,35.783478260869565
CH,2019,18,39.04793478260869
CH,2019,19,40.41119565217391
CH,2019,20,39.92673913043478
CH,2019,21,39.34032608695652
CH,2019,22,39.45586956521739
CH,2019,23,36.207934782608696
CH,2020,0,30.387608695652172
CH,2020,1,27.586521739130436
CH,2020,2,25.921956521739133
CH,2020,3,24.472934782608696
CH,2020,4,24.067391304347826
CH,2020,5,25.335978260869563
CH,2020,6,29.643804347826087
CH,2020,7,32.81413043478261
CH,2020,8,34.515108695652174
CH,2020,9,33.74891304347826
CH,2020,10,32.41195652173913
CH,2020,11,31.87608695652174
CH,2020,12,30.85858695652174
CH,2020,13,29.634239130434782
CH,2020,14,28.422391304347826
CH,2020,15,28.195434782608697
CH,2020,16,29.15021739130435
CH,2020,17,32.41510869565217
CH,2020,18,36.28380434782609
CH,2020,19,39.73336956521739
CH,2020,20,39.17804347826087
CH,2020,21,37.36076086956522
CH,2020,22,36.23010869565218
CH,2020,23,32.99173913043478
CH,2021,0,76.78380434782608
CH,2021,1,71.92163043478261
CH,2021,2,69.0025
CH,2021,3,66.81608695652174
CH,2021,4,66.34391304347827
CH,2021,5,69.2
CH,2021,6,78.93445652173914
CH,2021,7,86.50967391304349
CH,2021,8,90.24217391304349
CH,2021,9,85.67402173913044
CH,2021,10,80.46619565217392
CH,2021,11,78.04239130434782
CH,2021,12,74.74
CH,2021,13,69.90239130434783
CH,2021,14,67.11619565217391
CH,2021,15,67.37760869565217
CH,2021,16,70.29358695652174
CH,2021,17,78.64989130434783
CH,2021,18,88.66021739130434
CH,2021,19,95.96554347826087
CH,2021,20,96.57282608695652
CH,2021,21,94.01097826086956
CH,2021,22,90.90141304347826
CH,2021,23,83.915
CH,2022,0,361.53771739130434
CH,2022,1,342.51880434782606
CH,2022,2,332.13739130434783
CH,2022,3,322.08108695652174
CH,2022,4,319.26478260869567
CH,2022,5,332.25184782608693
CH,2022,6,371.44641304347823
CH,2022,7,397.1504347826087
CH,2022,8,400.62097826086955
CH,2022,9,386.12076086956523
CH,2022,10,375.8396739130435
CH,2022,11,372.47521739130434
CH,2022,12,363.0242391304348
CH,2022,13,358.385
CH,2022,14,353.77543478260867
CH,2022,15,355.62695652173915
CH,2022,16,363.34358695652173
CH,2022,17,383.8989130434782
CH,2022,18,413.15032608695657
CH,2022,19,444.8928260869565
CH,2022,20,446.7951086956522
CH,2022,21,430.59521739130435
CH,2022,22,416.59326086956526
CH,2022,23,392.9761956521739
CH,2023,0,95.45097826086956
CH,2023,1,88.90934782608696
CH,2023,2,85.38315217391305
CH,2023,3,83.17554347826086
CH,2023,4,82.90782608695653
CH,2023,5,87.24076086956521
CH,2023,6,96.67141304347827
CH,2023,7,101.74880434782608
CH,2023,8,101.58978260869566
CH,2023,9,89.81326086956521
CH,2023,10,79.8729347826087
CH,2023,11,73.18119565217391
CH,2023,12,66.78739130434782
CH,2023,13,60.8783695652174
CH,2023,14,58.66326086956522
CH,2023,15,63.71565217391304
CH,2023,16,72.44728260869564
CH,2023,17,86.36054347826087
CH,2023,18,102.48608695652173
CH,2023,19,117.54554347826088
CH,2023,20,122.62141304347826
CH,2023,21,119.17358695652173
CH,2023,22,112.72195652173913
CH,2023,23,103.11413043478261
CH,2024,0,60.49228260869565
CH,2024,1,57.20891304347826
CH,2024,2,54.046521739130434
CH,2024,3,51.75032608695652
CH,2024,4,50.61228260869565
CH,2024,5,50.852500000000006
CH,2024,6,55.61326086956522
CH,2024,7,59.08782608695652
CH,2024,8,57.39869565217391
CH,2024,9,50.40489130434783
CH,2024,10,42.32445652173913
CH,2024,11,34.01978260869566
CH,2024,12,20.240760869565218
CH,2024,13,17.72358695652174
CH,2024,14,16.47413043478261
CH,2024,15,24.393260869565214
CH,2024,16,35.25489130434782
CH,2024,17,46.12054347826087
CH,2024,18,57.95271739130435
CH,2024,19,63.38467391304348
CH,2024,20,66.1370652173913
CH,2024,21,65.32663043478261
CH,2024,22,65.4757608695652
CH,2024,23,61.540217391304346
CH,2025,0,93.29184782608696
CH,2025,1,88.89358695652174
CH,2025,2,86.08739130434783
CH,2025,3,84.71706521739131
CH,2025,4,84.87358695652173
CH,2025,5,88.66934782608696
CH,2025,6,95.28619565217392
CH,2025,7,95.61173913043478
CH,2025,8,87.1454347826087
CH,2025,9,70.74782608695652
CH,2025,10,54.188478260869566
CH,2025,11,45.17206521739131
CH,2025,12,32.96858695652174
CH,2025,13,27.560108695652172
CH,2025,14,28.291739130434784
CH,2025,15,38.327173913043474
CH,2025,16,52.384565217391305
CH,2025,17,74.3479347826087
CH,2025,18,93.60032608695651
CH,2025,19,108.8195652173913
CH,2025,20,116.00108695652175
CH,2025,21,115.28619565217392
CH,2025,22,108.86739130434782
CH,2025,23,98.97858695652175
CH,2026,0,143.41021739130434
CH,2026,1,137.54684782608695
CH,2026,2,133.05641304347827
CH,2026,3,130.15195652173912
CH,2026,4,130.46
CH,2026,5,134.52576086956523
CH,2026,6,141.09347826086957
CH,2026,7,138.8354347826087
CH,2026,8,127.12130434782608
CH,2026,9,104.04086956521739
CH,2026,10,83.69108695652174
CH,2026,11,69.7720652173913
CH,2026,12,55.57163043478261
CH,2026,13,50.99206521739131
CH,2026,14,53.6366304347826
CH,2026,15,66.10402173913043
CH,2026,16,90.79239130434782
CH,2026,17,118.06739130434784
CH,2026,18,140.4720652173913
CH,2026,19,164.03532608695653
CH,2026,20,173.27239130434782
CH,2026,21,170.62869565217392
CH,2026,22,163.51021739130437
CH,2026,23,150.55315217391305
