country,year,price_mean,price_median,price_min,price_max,price_p05,price_p95,neg_hours_pct,daily_spread_mean,daily_spread_p90,price_std_of_mean
DE,2019,36.39202898550725,36.64,-90.01,80.01,20.801000000000002,55.702000000000005,1.6757246376811596,28.839673913043473,45.05300000000001,0.31007707808787194
DE,2020,30.41606431159421,30.98,-64.99,90.0,8.171000000000001,47.8895,1.6304347826086956,26.710217391304344,39.278000000000006,0.325833026909504
DE,2021,79.43966032608697,80.79499999999999,-63.03,150.0,44.664,113.322,1.4039855072463767,49.612500000000004,75.879,0.23141943129447315
DE,2022,333.98605072463766,323.155,-0.59,871.0,94.17450000000001,627.5265000000002,0.22644927536231885,238.4391304347826,354.662,0.41936287460153265
DE,2023,88.8310054347826,94.62,-500.0,291.93,0.023500000000000083,147.173,4.483695652173913,101.92163043478261,141.643,0.3488359346125846
DE,2024,74.22502264492753,82.67500000000001,-80.01,289.27,-4.328999999999999,140.78400000000002,9.646739130434783,142.59304347826085,195.829,0.34957863206349654
DE,2025,76.39103260869567,87.155,-99.01,476.19,-2.1065,130.753,9.827898550724639,138.78652173913045,207.456,0.2687133832081154
DE,2026,114.00053102355072,125.88499999999999,-52.99,747.1,-0.48,199.08349999999996,8.276721014492754,206.59076086956523,333.00000000000017,0.2959549363247578
CH,2017,32.81598278985507,33.78,2.35,51.27,19.024,43.4865,0.0,16.213695652173914,22.196,0.1750627673822822
CH,2018,50.68334692028986,50.985,10.17,81.96,31.817500000000003,68.52250000000001,0.0,20.379347826086956,28.546000000000003,0.17775603856846756
CH,2019,34.57235054347826,35.285,-39.45,66.14,18.8045,47.1265,0.3170289855072464,15.368695652173912,26.75300000000002,0.21306131577547338
CH,2020,31.384841485507245,32.265,-21.9,84.19,14.317,44.632000000000005,0.4076086956521739,18.417608695652174,25.230000000000004,0.25096377508917794
CH,2021,79.08510416666667,81.335,-53.85,143.23,44.19,106.6265,0.7699275362318841,40.18369565217392,61.82900000000001,0.21266768759164342
CH,2022,376.5209239130435,369.575,111.58,871.61,170.6675,643.2670000000003,0.0,148.71141304347827,240.05800000000002,0.34924955193690843
CH,2023,89.68584239130435,92.68,-142.88,242.63,21.251500000000007,134.0165,1.7210144927536233,67.41173913043481,113.141,0.2647411142183566
CH,2024,48.493165760869566,50.495000000000005,-427.51,152.25,-3.8804999999999987,95.68050000000004,6.657608695652175,62.3170652173913,112.36100000000002,0.4333023838477267
CH,2025,77.92157608695652,87.045,-105.39,215.05,-0.707999999999999,119.549,5.797101449275362,93.65923913043478,131.306,0.25108875391893887
CH,2026,119.63922554347828,131.11,-113.37,318.91,2.434000000000002,187.0,3.3514492753623193,128.28326086956523,185.8,0.26512466071692226
