country,year,kind,h00,h01,h02,h03,h04,h05,h06,h07,h08,h09,h10,h11,h12,h13,h14,h15,h16,h17,h18,h19,h20,h21,h22,h23
AT,2017,generation,145.26195652173914,71.33695652173913,44.54891304347826,34.55869565217392,32.642391304347825,71.72608695652174,299.4717391304348,760.2119565217391,948.7402173913044,777.7913043478261,647.3771739130434,567.4945652173913,399.2119565217391,300.6184782608696,230.91521739130437,233.94239130434784,266.48478260869564,527.8184782608696,857.8586956521739,1164.5521739130436,1142.408695652174,1024.9717391304348,899.7326086956521,405.675
AT,2017,pumping,190.9608695652174,373.9163043478261,571.4445652173913,694.8576086956522,728.2695652173913,587.1097826086956,319.8358695652174,225.08913043478262,172.41847826086956,138.94782608695652,173.6163043478261,175.74347826086955,249.3521739130435,296.9804347826087,369.1663043478261,374.51413043478266,332.0836956521739,207.09021739130435,80.2891304347826,8.453260869565218,9.451086956521738,13.360869565217392,24.816304347826087,103.63260869565218
AT,2018,generation,72.0891304347826,32.03695652173913,18.791304347826088,12.905434782608696,9.583695652173914,23.296739130434784,202.92934782608697,761.4391304347826,968.8684782608696,783.6652173913043,538.5054347826087,457.2184782608696,325.40978260869565,246.27391304347827,206.24891304347827,233.1054347826087,248.74021739130433,406.04782608695655,797.9315217391304,1073.666304347826,1036.0467391304348,823.2760869565217,639.3054347826087,271.8652173913043
AT,2018,pumping,166.88260869565218,288.5173913043478,430.41739130434786,519.954347826087,553.5163043478261,391.51630434782606,215.2945652173913,137.2891304347826,110.85978260869565,117.78152173913043,153.71195652173913,163.25434782608696,197.36195652173913,238.00108695652173,265.7554347826087,272.82717391304345,226.2336956521739,118.19782608695652,51.06304347826087,14.208695652173914,6.495652173913043,7.565217391304348,21.870652173913044,89.62608695652175
AT,2019,generation,268.18152173913046,128.9195652173913,81.72065217391305,69.21739130434783,70.1195652173913,130.38478260869564,485.8065217391304,839.4119565217391,861.6467391304348,655.6869565217391,514.5641304347827,488.04782608695655,408.6543478260869,365.70652173913044,326.82717391304345,322.5086956521739,341.52065217391305,548.5489130434783,948.9608695652173,1161.716304347826,1176.0967391304348,1073.5510869565217,958.7793478260869,522.7565217391304
AT,2019,pumping,138.34130434782608,270.7108695652174,388.0,410.625,400.79782608695655,312.2597826086957,182.7358695652174,159.44891304347826,125.85217391304347,123.3945652173913,119.34239130434783,110.05326086956521,115.29239130434782,133.54565217391306,167.43260869565216,187.46413043478262,182.92499999999998,95.85000000000001,34.75108695652174,6.626086956521739,7.421739130434782,10.382608695652175,15.132608695652175,63.071739130434786
AT,2020,generation,300.20217391304345,95.70760869565218,38.05434782608695,18.502173913043478,18.39021739130435,74.74130434782609,585.5347826086957,1287.341304347826,1383.3717391304347,1189.5804347826086,891.6293478260869,733.4326086956522,588.1152173913043,442.20652173913044,370.6815217391304,320.8141304347826,400.0869565217391,875.1141304347826,1397.3782608695653,1711.2184782608697,1749.5347826086959,1592.9717391304348,1357.463043478261,669.3434782608696
AT,2020,pumping,191.9717391304348,371.8369565217391,578.1913043478261,752.3706521739131,754.829347826087,492.29891304347825,332.3847826086957,285.9782608695652,231.79782608695655,236.93478260869566,231.17065217391306,250.0467391304348,287.85434782608695,336.3195652173913,377.5271739130435,396.8402173913044,350.3554347826087,195.7728260869565,37.56413043478261,8.0,0.8434782608695651,3.9434782608695653,3.957608695652174,39.98478260869565
AT,2021,generation,293.7358695652174,172.0304347826087,103.84673913043478,77.2858695652174,71.14673913043478,163.83695652173913,645.5630434782609,1343.7413043478261,1464.9858695652176,1121.0728260869564,776.3576086956521,665.2478260869566,544.3760869565217,399.8815217391304,304.29782608695655,315.8684782608696,368.1152173913043,660.2260869565217,1286.5619565217391,1743.2304347826089,1799.3478260869565,1564.8521739130433,1128.8423913043478,539.5489130434783
AT,2021,pumping,140.19021739130434,264.90543478260867,421.1923913043478,552.6358695652174,569.0586956521739,384.45108695652175,236.09782608695653,182.22282608695653,141.3663043478261,137.7869565217391,165.64347826086959,179.38152173913042,197.72826086956522,278.7717391304348,333.76630434782606,345.2271739130435,275.17282608695655,127.7304347826087,32.03260869565217,5.4739130434782615,6.494565217391305,6.252173913043479,18.542391304347827,57.34782608695652
AT,2022,generation,182.5,72.22934782608696,29.027173913043477,25.856521739130436,27.270652173913046,76.63586956521739,517.0195652173913,1063.2760869565216,1113.554347826087,672.5576086956522,458.85543478260865,404.5228260869565,322.50217391304346,251.77065217391305,227.46847826086955,263.7304347826087,364.26413043478266,618.7217391304348,1081.6630434782608,1569.7478260869564,1704.8304347826086,1543.1336956521739,1210.479347826087,527.6847826086956
AT,2022,pumping,271.8576086956522,592.6576086956521,783.4239130434783,920.991304347826,969.1913043478262,689.8934782608695,324.94565217391306,261.57608695652175,238.07608695652175,293.7673913043478,353.0510869565218,381.7163043478261,399.2532608695652,456.2434782608696,510.22934782608695,513.0760869565217,412.6521739130435,285.0380434782609,88.3141304347826,12.967391304347826,8.291304347826086,10.06304347826087,36.629347826086956,127.79021739130435
AT,2023,generation,382.52500000000003,171.0695652173913,131.32065217391303,121.4358695652174,145.5054347826087,268.2739130434783,756.1478260869566,1023.1804347826088,930.275,484.9706521739131,261.9478260869565,178.23152173913041,131.6021739130435,104.49021739130436,93.3141304347826,104.4836956521739,167.05434782608697,440.35434782608695,960.3304347826087,1503.229347826087,1702.2641304347824,1578.2250000000001,1271.6304347826087,706.020652173913
AT,2023,pumping,89.84565217391304,163.77934782608696,238.2967391304348,308.18804347826085,297.7684782608696,228.91630434782607,152.38478260869564,163.7445652173913,218.87065217391302,329.17826086956524,448.08043478260873,528.091304347826,594.2684782608695,661.7456521739131,680.1521739130435,611.2923913043478,452.4163043478261,216.4673913043478,55.8445652173913,13.38586956521739,8.684782608695652,8.266304347826088,12.179347826086957,43.65760869565217
AT,2024,generation,703.425,443.9826086956522,338.0010869565217,314.1304347826087,328.7467391304348,538.9923913043478,1110.3945652173913,1195.3402173913043,910.1999999999999,429.3717391304348,164.6086956521739,99.6554347826087,58.36195652173913,46.3945652173913,46.70217391304348,83.83478260869565,175.47282608695653,458.4608695652174,858.4728260869565,1413.545652173913,1688.520652173913,1647.4706521739129,1404.6630434782608,887.5467391304348
AT,2024,pumping,60.779347826086955,118.20978260869565,178.45217391304345,201.89565217391305,211.0923913043478,182.2826086956522,154.39347826086959,202.0913043478261,284.9619565217391,447.1663043478261,743.454347826087,884.0293478260869,1007.5728260869565,1057.2228260869565,1018.579347826087,845.3065217391304,643.4076086956521,323.925,86.17173913043479,7.769565217391304,9.627173913043478,9.678260869565218,10.742391304347825,44.10108695652174
AT,2025,generation,533.7260869565217,395.7217391304348,318.67934782608694,286.9217391304348,300.9684782608696,422.17826086956524,927.7391304347826,936.9695652173913,521.0934782608696,94.3108695652174,16.78804347826087,8.728260869565217,9.159782608695652,0.9586956521739131,0.6521739130434783,9.22391304347826,47.1804347826087,276.1021739130435,892.804347826087,1579.5565217391306,1846.9260869565219,1722.4641304347826,1381.9260869565217,825.1282608695652
AT,2025,pumping,38.095652173913045,66.15978260869565,112.33043478260869,156.7804347826087,136.03586956521738,96.825,97.71847826086957,173.40108695652174,323.43260869565216,626.3771739130434,1070.9576086956522,1300.1336956521739,1444.5228260869567,1521.8771739130436,1492.3358695652173,1223.5119565217392,896.9239130434783,388.64130434782606,71.53260869565217,4.1,3.073913043478261,0.0,3.5608695652173914,15.804347826086957
AT,2026,generation,438.8652173913043,244.75760869565218,157.31195652173915,114.95108695652173,116.54673913043477,224.13260869565218,571.9141304347826,547.7847826086957,268.01630434782606,63.4304347826087,17.219565217391306,14.244565217391305,11.467391304347826,5.4,20.378260869565217,36.082608695652176,67.11413043478261,353.7228260869565,948.8249999999999,1568.9358695652174,1769.2891304347827,1600.607608695652,1292.0152173913043,851.1934782608696
AT,2026,pumping,20.718478260869563,37.94673913043478,62.53478260869565,86.67826086956521,92.66956521739131,80.3945652173913,95.5858695652174,199.5,365.8695652173913,697.4760869565217,1172.0,1353.6304347826087,1411.9760869565218,1421.4021739130435,1357.5663043478262,1187.5663043478262,804.275,321.9641304347826,62.380434782608695,8.284782608695652,0.0,4.740217391304348,9.281521739130435,10.481521739130434
