country,year,reporting,ps_capacity_mw,ps_generation_gwh,ps_pumping_gwh,ps_net_gwh,losses_gwh,round_trip_eff_pct,ps_gen_full_load_hours,ps_pump_full_load_hours,ps_peak_generation_mw,ps_max_pumping_mw,intervals_with_generation_pct,intervals_with_pumping_pct,cycles_equivalent,pumping_data_suspect,gen_hours_in_peak_8_20_pct,pump_hours_in_night_22_6_pct,pump_share_midday_10_15_pct,gen_share_evening_17_23_pct,gen_share_night_0_5_pct,days_with_both_modes_pct,max_daily_generation_gwh,gen_jun_gwh,gen_jul_gwh,gen_aug_gwh,price_mean_eur_mwh,price_min_eur_mwh,price_max_eur_mwh,price_p99_eur_mwh,price_neg_hours_pct,gen_hours_mean_price,pump_hours_mean_price,capture_spread_eur_mwh,da_arbitrage_value_meur,gen_at_negative_price_gwh,pump_at_negative_price_gwh,gen_share_of_price_top_decile_pct,pump_share_of_price_bottom_decile_pct
DE,2017,gross (separate consumption series),9483.0,2057.836375,1485.909875,571.9264999999998,-571.9264999999998,138.48998580751743,217.00267584097858,156.6919619318781,5332.9,3985.0,100.0,97.89402173913044,27.125334480122323,True,55.865182672747736,55.85274813521244,25.431986579939785,47.870066928912166,8.329098808937129,100.0,39.602775,775.332875,607.65525,674.84825,,,,,,,,,,,,,
DE,2018,gross (separate consumption series),9863.0,1662.288225,2197.6874500000004,-535.3992250000003,535.3992250000003,75.63806331969543,168.53779022609754,222.82139815471967,6747.6,6255.3,95.93523550724638,96.39945652173914,21.067223778262193,False,56.99444811984997,59.06370921852423,24.517114569680963,52.02809819578671,3.992752219609809,96.73913043478261,33.961725,624.149175,498.646025,539.493025,,,,,,,,,,,,,
DE,2019,gross (separate consumption series),10001.0,2040.000175,2466.1471500000002,-426.14697500000034,426.14697500000034,82.72013188669621,203.97961953804617,246.5900559944006,6252.9,6365.9,99.96603260869566,98.58469202898551,25.49745244225577,False,51.81358991795185,55.660508741337665,28.113188622990315,55.18857982450909,4.922854969853128,100.0,40.99085,732.0899499999999,627.0401999999999,680.870025,36.39057291666666,-90.01,80.01,66.98,1.6757246376811596,45.51980680160972,27.483085055468,18.03672174614172,25.083081958500014,5.1450749999999985,117.10615000000001,30.0810084489331,24.133094612784962
DE,2020,gross (separate consumption series),10001.0,2588.30125,2886.8192999999997,-298.5180499999997,298.5180499999997,89.65927482887481,258.80424457554244,288.6530646935306,4987.5,4313.2,100.0,100.0,32.350530571942805,False,48.534694328954174,35.688038215623685,22.075133867921696,32.1026348845599,25.800535196588882,100.0,37.806025,794.0295749999999,895.8531750000001,898.4185,30.423095561594206,-64.99,90.0,59.94,1.6304347826086956,31.058986130285255,29.013989860137773,2.0449962701474824,-3.368133273500032,52.78177500000001,82.77957500000001,14.702738910318109,13.169509778461022
DE,2021,gross (separate consumption series),10001.0,1817.1316000000002,2117.681525,-300.5499249999998,300.5499249999998,85.80759564401451,181.69499050094993,211.74697780221976,4961.0,4935.7,99.90942028985508,100.0,22.71187381261874,False,50.1768707891052,46.71402254406503,34.662483066239155,55.43284812173207,5.575670743935112,100.0,32.380525,649.7040999999999,555.166975,612.260525,79.44708786231884,-63.03,150.0,129.54,1.4039855072463767,93.53881406016492,62.205600476917795,31.33321358324713,38.24068397374998,5.5016750000000005,107.69772499999999,25.804443662748472,24.691110010037985
DE,2022,gross (separate consumption series),10001.0,2572.1836000000003,3494.5929000000006,-922.4093000000003,922.4093000000003,73.60467080443047,257.19264073592643,349.4243475652435,7894.8,7568.3,99.69429347826086,100.0,32.149080091990804,False,41.3712292932744,27.460115597441977,53.30159129551255,67.93489391659288,4.824760565303348,100.0,46.149725,829.234625,949.064925,793.88405,334.0473663949275,-0.59,871.0,766.79,0.22644927536231885,408.2572786334148,244.48423086405856,163.77304776935622,195.73981934199983,0.045899999999999996,34.511025000000004,14.002729043136734,26.520100524441624
DE,2023,gross (separate consumption series),10001.0,2276.128575,2721.274875,-445.1462999999999,445.1462999999999,83.64199426932203,227.590098490151,272.1002774722528,6390.7,5831.1,99.76222826086956,100.0,28.448762311268876,False,38.12925308931636,23.634133064194774,55.94081248407513,62.022361807922024,6.690022992220464,100.0,42.317375,755.7826,691.005275,829.3407,88.83434556159419,-500.0,291.93,179.28,4.483695652173913,117.67453848164091,57.50907114473322,60.16546733690769,111.34438919725001,18.870874999999998,321.183625,28.91337102957815,24.91712638915244
DE,2024,gross (separate consumption series),9902.0,3016.841175,3738.158875,-721.3177000000001,721.3177000000001,80.70393142399546,304.66988234700057,377.51553978994144,7109.6,7022.0,99.83016304347827,99.87545289855072,38.08373529337507,False,31.04211477092426,14.98321884459766,61.75077430329924,63.42944537012294,9.231805184440974,100.0,49.8551,951.7420999999999,1070.461,994.638075,74.22619565217391,-80.01,289.27,203.83,9.646739130434783,113.70309505396816,32.29648939051581,81.40660566345235,222.29477043724998,42.981575,999.8749750000001,31.691351799452956,28.137733311294856
DE,2025,gross (separate consumption series),9902.0,2568.742425,3427.89515,-859.1527249999999,859.1527249999999,74.9364351182095,259.41652443950716,346.18209957584327,6787.9,5972.1,99.72826086956522,100.0,32.427065554938395,False,26.404671538836755,7.081818123871146,67.20029272190547,66.9109953677041,10.764354857416274,100.0,46.968275,916.777275,808.9234250000001,843.0417249999999,76.38911911231884,-99.01,476.19,196.88,9.827898550724639,115.13455826113048,29.303763184092723,85.83079507703775,195.30079669350008,20.720650000000003,1010.9721,34.01433874787972,34.71301769542164
DE,2026,gross (separate consumption series),9902.0,2818.840325,3635.1017,-816.261375,816.261375,77.54501957950723,284.6738360937185,367.10782670167646,6885.4,6397.1,100.0,100.0,35.58422951171481,False,23.85041089548057,3.561637629010489,71.4152082732651,73.63749488009753,10.773363865510898,100.0,42.816050000000004,931.098475,996.27475,891.4671,114.00053102355072,-52.99,747.1,303.5452,8.276721014492754,176.51239991848422,41.881351627039756,134.63104829144447,345.317298255,10.609725000000001,975.7172250000001,35.34837681875436,32.72151092774103
