country,year,reporting,ps_capacity_mw,ps_generation_gwh,ps_pumping_gwh,ps_net_gwh,losses_gwh,round_trip_eff_pct,ps_gen_full_load_hours,ps_pump_full_load_hours,ps_peak_generation_mw,ps_max_pumping_mw,intervals_with_generation_pct,intervals_with_pumping_pct,cycles_equivalent,pumping_data_suspect,price_mean_eur_mwh,price_min_eur_mwh,price_max_eur_mwh,price_p99_eur_mwh,price_neg_hours_pct,gen_hours_mean_price,pump_hours_mean_price,capture_spread_eur_mwh,da_arbitrage_value_meur,gen_hours_in_peak_8_20_pct,pump_hours_in_night_22_6_pct,pump_share_midday_10_15_pct,gen_share_evening_17_23_pct,gen_share_night_0_5_pct,days_with_both_modes_pct,max_daily_generation_gwh,gen_at_negative_price_gwh,pump_at_negative_price_gwh,gen_share_of_price_top_decile_pct,pump_share_of_price_bottom_decile_pct,gen_jun_gwh,gen_jul_gwh,gen_aug_gwh
CH,2017,nur Erzeugung (kein Pumpbetrieb in der Reihe),2562.0,1051.2188999999998,0.0,1051.2188999999998,,,410.31182669789223,0.0,1667.9,-0.0,100.0,0.0,51.28897833723653,False,32.81598278985507,2.35,51.27,46.1293,0.0,37.52994657154661,,,,61.07357849064549,,,42.66689839766009,7.406088303777645,0.0,22.492900000000002,0.0,0.0,22.889828179459105,,385.7911,321.8348,343.593
CH,2018,nur Erzeugung (kein Pumpbetrieb in der Reihe),2562.0,990.9766,0.0,990.9766,,,386.79804839968773,0.0,1601.4,-0.0,100.0,0.0,48.349756049960966,False,50.68334692028986,10.17,81.96,74.6486,0.0,55.147739473363956,,,,59.58000420998842,,,41.40142158755313,9.191740753515269,0.0,21.1569,0.0,0.0,15.191973251437016,,386.1183,325.2505,279.6078
CH,2019,nur Erzeugung (kein Pumpbetrieb in der Reihe),2562.0,1248.4502000000002,0.0,1248.4502000000002,,,487.2951600312257,0.0,1501.5,-0.0,100.0,0.0,60.91189500390321,False,34.57235054347826,-39.45,66.14,53.25089999999998,0.3170289855072464,38.026046010485636,,,,55.172933610007014,,,40.531780923259895,13.227055432407314,0.0,23.5404,1.6054,0.0,17.78658852391549,,415.214,424.1544,409.0818
CH,2020,nur Erzeugung (kein Pumpbetrieb in der Reihe),2562.0,1065.2667,0.0,1065.2667,,,415.79496487119434,0.0,1678.0,-0.0,100.0,0.0,51.97437060889929,False,31.384841485507245,-21.9,84.19,53.22859999999999,0.4076086956521739,36.677087030881566,,,,57.95692290015262,,,45.59449760327625,7.749111091147409,0.0,24.1683,0.4269,0.0,22.528001673196023,,352.9212,375.574,336.7715
CH,2021,nur Erzeugung (kein Pumpbetrieb in der Reihe),2562.0,1000.8108,0.0,1000.8108,,,390.6365339578454,0.0,1420.3,-0.0,100.0,0.0,48.82956674473068,False,79.08510416666667,-53.85,143.23,121.03429999999992,0.7699275362318841,89.4155519654664,,,,52.03465030553227,,,46.39325434937353,10.17951644806391,0.0,19.007099999999998,1.8152,0.0,21.163041006352053,,342.96290000000005,312.82590000000005,345.022
CH,2022,nur Erzeugung (kein Pumpbetrieb in der Reihe),3484.0,1014.1158,0.0,1014.1158,,,291.07801377726753,0.0,2282.4,-0.0,100.0,0.0,36.38475172215844,False,376.5209239130435,111.58,871.61,762.9631999999997,0.0,405.04473347619665,,,,53.16328766399262,,,52.03821890951704,6.918628030447804,0.0,27.023799999999998,0.0,0.0,11.724962770523838,,392.2932,331.961,289.86159999999995
CH,2023,nur Erzeugung (kein Pumpbetrieb in der Reihe),3493.0,1123.2885999999999,0.0,1123.2885999999999,,,321.5827655310621,0.0,2179.8,-0.0,100.0,0.0,40.19784569138276,False,89.68584239130435,-142.88,242.63,160.8994999999998,1.7210144927536233,109.10228642576807,,,,40.17930921759555,,,55.142854650176275,11.246931554366348,0.0,24.0522,2.5443999999999996,0.0,23.86428563416384,,369.32340000000005,352.4556,401.5096
CH,2024,nur Erzeugung (kein Pumpbetrieb in der Reihe),3517.0,1272.2688000000003,0.0,1272.2688000000003,,,361.74830821723066,0.0,1599.5,-0.0,100.0,0.0,45.21853852715383,False,48.493165760869566,-427.51,152.25,123.45199999999994,6.657608695652175,57.07019587763214,,,,40.18757671334862,,,41.684249429051455,23.547767578675195,0.0,24.1293,29.2121,0.0,12.374248272063259,,428.9948,485.4402,357.8338
CH,2025,nur Erzeugung (kein Pumpbetrieb in der Reihe),3503.0,1274.4883,0.0,1274.4883,,,363.8276620039966,0.0,2199.7,-0.0,100.0,0.0,45.47845775049957,False,77.92157608695652,-105.39,215.05,143.9350999999998,5.797101449275362,100.43490024820157,,,,31.086632964774957,,,54.760769479013646,18.768606977404183,0.0,24.204900000000002,11.595099999999999,0.0,25.713676618294574,,487.8157,400.687,385.9856
CH,2026,nur Erzeugung (kein Pumpbetrieb in der Reihe),3503.0,1068.7207999999998,0.0,1068.7207999999998,,,305.08729660291175,0.0,2332.0,-0.0,100.0,0.0,38.13591207536397,False,119.63922554347828,-113.37,318.91,214.51109999999994,3.3514492753623193,151.2312447114345,,,,30.615086746697557,,,57.66620243565954,17.971541304333183,0.0,26.7905,4.199799999999999,0.0,25.070429994438214,,468.92740000000003,296.5947,303.19870000000003
